employee_id,age,department,education,years_exp,annual_income,credit_score,loan_amount,satisfaction,churned
10001,43,Engineering,Master's,19,57931,700,3157.6731778718863,4.0,0
10002,36,Sales,Bachelor's,5,26089,641,21121.780822206783,4.0,0
10003,45,Engineering,Master's,26,22227,721,59205.89543551715,3.0,0
10004,56,Sales,Master's,27,36242,585,38319.07324833203,3.0,0
10005,35,Sales,Bachelor's,15,32790,560,24355.668667673723,5.0,0
10006,35,HR,Master's,15,27668,632,,5.0,0
10007,56,Operations,Master's,37,55151,762,19515.612467148767,3.0,0
10008,47,Operations,Bachelor's,28,64420,644,2391.989336411023,2.0,1
10009,32,Operations,Bachelor's,10,38293,530,28403.60381215712,5.0,0
10010,44,Engineering,Master's,24,88125,741,32283.335047845063,4.0,0
10011,32,Engineering,Bachelor's,13,18306,650,83832.77844043549,2.0,1
10012,32,Marketing,Bachelor's,11,32331,604,7541.055207043806,5.0,0
10013,40,Finance,Master's,21,23621,621,1000.0,2.0,1
10014,18,Operations,Master's,0,11849,570,19719.90098623222,4.0,0
10015,18,Finance,Bachelor's,0,34557,632,30671.698084965254,4.0,0
10016,31,Engineering,Bachelor's,7,33757,615,39064.74986380035,4.0,1
10017,25,Operations,Bachelor's,1,90045,693,5383.692112137675,3.0,0
10018,41,Marketing,Bachelor's,21,53023,570,7586.9161158303295,4.0,1
10019,27,Engineering,Bachelor's,7,19643,595,17966.28798272074,5.0,0
10020,21,Marketing,Master's,1,110465,645,10034.367504991753,4.0,1
10021,55,Engineering,Bachelor's,32,75555,714,49244.32555598929,4.0,0
10022,35,Sales,Bachelor's,15,51495,649,16049.954717176759,3.0,0
10023,38,Marketing,Bachelor's,19,31701,695,,5.0,0
10024,20,Marketing,PhD,1,20421,543,21724.431942512594,5.0,0
10025,31,Sales,Bachelor's,11,29047,647,37080.06100001319,5.0,0
10026,39,Finance,High School,19,69790,716,10111.876953627132,4.0,0
10027,24,Sales,High School,0,112504,764,44508.1206559002,5.0,0
10028,42,Marketing,Bachelor's,23,91669,700,8024.847211773141,3.0,0
10029,30,Finance,Bachelor's,10,27083,654,19746.8935850328,4.0,0
10030,34,Operations,Bachelor's,11,18550,564,6020.18841083538,4.0,0
10031,30,Engineering,Bachelor's,6,39518,547,16134.010449128717,4.0,0
10032,60,Sales,High School,40,12568,723,9574.563989562781,5.0,0
10033,37,Engineering,Bachelor's,17,44086,669,7755.126556190875,4.0,0
10034,25,Engineering,Bachelor's,5,33237,683,85269.84553479277,2.0,1
10035,47,Sales,High School,20,27457,607,4361.0402963499855,3.0,0
10036,23,Finance,High School,4,13949,639,38699.85094652702,3.0,0
10037,40,Engineering,High School,13,49422,740,,4.0,0
10038,18,Finance,High School,0,26380,637,1000.0,3.0,1
10039,22,Finance,Bachelor's,1,17998,627,30018.402373319826,2.0,1
10040,40,Operations,Bachelor's,21,6481,647,,4.0,0
10041,46,Engineering,Bachelor's,26,35720,617,1033.2568503594568,5.0,0
10042,40,Operations,Bachelor's,20,105171,778,12891.330570521572,5.0,0
10043,36,Marketing,PhD,17,98396,688,68418.11404294003,5.0,0
10044,34,Sales,Master's,12,27604,666,1000.0,5.0,0
10045,20,Engineering,Bachelor's,0,25302,557,22161.36303353686,2.0,1
10046,29,Engineering,Bachelor's,8,48110,607,17398.60113332578,5.0,0
10047,32,HR,Bachelor's,10,19949,693,51664.9423284359,3.0,0
10048,50,Marketing,Bachelor's,31,43524,682,2193.5196514291606,4.0,0
10049,42,Engineering,High School,22,57506,748,28605.363344960217,4.0,0
10050,18,Engineering,Master's,0,75823,657,28494.428739107876,5.0,0
10051,41,Sales,Bachelor's,20,34197,593,27646.966890398144,4.0,1
10052,33,Engineering,Master's,6,32138,673,71327.4029184373,2.0,1
10053,29,Finance,Bachelor's,7,21444,607,43302.5045720982,4.0,0
10054,45,Engineering,Master's,26,22111,697,1071.9757985526173,3.0,1
10055,50,Engineering,Master's,30,31701,686,15923.086924463118,5.0,0
10056,49,Marketing,High School,28,45270,630,12685.496424539328,4.0,0
10057,27,Sales,Bachelor's,7,62827,670,9281.926701396505,4.0,0
10058,34,Marketing,Bachelor's,10,22428,725,15006.759209142212,5.0,0
10059,41,Marketing,Bachelor's,17,88930,724,12120.59001037858,4.0,0
10060,49,Operations,Bachelor's,28,30863,678,14155.547125317913,3.0,0
10061,32,Sales,Bachelor's,12,35852,695,96894.52581068489,3.0,0
10062,35,Engineering,Bachelor's,16,23194,658,2320.2395283347046,4.0,0
10063,24,Marketing,PhD,5,8479,625,63850.267777428075,5.0,0
10064,23,Finance,High School,3,61723,611,16359.544731586066,5.0,0
10065,47,Marketing,PhD,27,56506,708,24437.02132908593,5.0,0
10066,54,Engineering,Bachelor's,32,30675,729,44325.84239381532,2.0,1
10067,37,HR,Master's,15,37804,626,11175.271187857223,3.0,0
10068,50,Sales,Bachelor's,31,49491,758,14071.48454642874,2.0,0
10069,42,Sales,High School,22,14220,651,13170.423495468098,4.0,0
10070,30,Engineering,Master's,11,26438,607,11739.333947073796,2.0,1
10071,42,Engineering,Bachelor's,23,58486,732,64933.745255554466,2.0,0
10072,56,Sales,Master's,32,17110,666,44142.045337008254,4.0,0
10073,37,Engineering,Bachelor's,18,43309,701,2885.271003354915,4.0,0
10074,56,Sales,Bachelor's,36,16091,673,2860.686087377663,4.0,0
10075,18,Sales,Bachelor's,0,48043,636,13959.704818289329,4.0,0
10076,47,Engineering,Master's,22,35547,692,,4.0,0
10077,39,Operations,High School,18,13779,658,24130.006956401223,4.0,0
10078,34,Finance,Master's,15,73045,608,3878.117395805792,5.0,1
10079,39,HR,Master's,18,23370,609,18473.14346253888,3.0,1
10080,18,Engineering,High School,0,22333,655,1000.0,3.0,0
10081,35,Engineering,High School,7,40959,641,9516.739901253606,,0
10082,42,Sales,Master's,23,72343,682,28267.34014814217,3.0,0
10083,55,Engineering,Bachelor's,30,19742,621,16543.099547652215,5.0,0
10084,31,Operations,Bachelor's,4,37684,594,95725.94577530827,2.0,1
10085,28,Engineering,High School,2,46971,560,51807.437245643065,5.0,0
10086,31,Sales,Bachelor's,9,55042,657,11120.90619705696,3.0,0
10087,48,Marketing,High School,27,40370,662,1163.838395857737,5.0,0
10088,41,Sales,Bachelor's,21,29137,626,46709.474835826295,5.0,0
10089,31,Engineering,Master's,8,22102,630,60543.87702661176,4.0,0
10090,44,Marketing,Bachelor's,23,38241,691,42957.25089149789,4.0,0
10091,39,Engineering,Bachelor's,17,19086,732,,3.0,0
10092,49,Finance,PhD,29,6292,602,154326.27230336177,4.0,0
10093,29,Engineering,Master's,7,47189,698,7479.842663228863,3.0,0
10094,34,Operations,Master's,10,62464,708,32202.42816799601,,0
10095,33,Finance,Bachelor's,14,8797,603,59658.64661029435,4.0,0
10096,20,Engineering,Master's,0,19814,623,6719.450935908379,3.0,0
10097,41,Finance,High School,20,52653,663,59719.52588453945,5.0,1
10098,41,Engineering,High School,17,124803,741,,3.0,0
10099,38,Operations,Bachelor's,18,36771,725,93676.72486178993,4.0,0
10100,35,Sales,Bachelor's,15,23463,672,8256.390709167006,5.0,0
10101,21,Marketing,Master's,0,32541,646,76673.09512835866,4.0,1
10102,32,Marketing,Bachelor's,13,82861,675,,4.0,0
10103,33,Engineering,Master's,9,24647,578,30884.179924155746,4.0,0
10104,28,Operations,Master's,8,22482,625,,5.0,0
10105,36,Engineering,Bachelor's,15,27183,700,16246.30585955984,3.0,0
10106,42,Sales,Bachelor's,22,20496,599,6323.782853706619,4.0,0
10107,60,Marketing,Bachelor's,39,39089,667,30570.03977996843,4.0,0
10108,40,Operations,Bachelor's,20,96259,722,,1.0,0
10109,41,Engineering,High School,22,44083,639,20121.070575336187,2.0,0
10110,37,Sales,PhD,18,31212,629,7300.465309606849,3.0,0
10111,18,Sales,High School,0,30482,607,77874.93630305609,4.0,0
10112,37,HR,High School,7,14215,570,1000.0,5.0,0
10113,38,Engineering,Master's,9,61689,628,5570.098978030297,5.0,0
10114,67,Engineering,Bachelor's,40,34658,735,6937.0437069630225,4.0,0
10115,35,Engineering,Master's,13,32588,599,13363.780993375538,2.0,1
10116,41,HR,Bachelor's,21,246684,775,6622.920848346101,3.0,0
10117,37,Engineering,Bachelor's,15,43445,639,16899.83333057408,3.0,0
10118,23,Sales,Bachelor's,0,23130,647,,4.0,0
10119,51,Engineering,Bachelor's,24,28118,662,31125.375908074282,2.0,1
10120,47,Finance,Bachelor's,27,72335,693,21685.25123165477,4.0,0
10121,47,Operations,Master's,24,38869,680,2330.396754586378,5.0,0
10122,27,Sales,Bachelor's,8,15321,558,29603.609694619277,4.0,0
10123,54,Marketing,PhD,22,63040,714,4550.468595488982,5.0,1
10124,21,Engineering,High School,2,24321,638,38587.437402660114,4.0,0
10125,45,Engineering,Bachelor's,24,111745,721,7193.943833226096,3.0,0
10126,64,Engineering,Bachelor's,40,69426,775,13491.291953759395,2.0,0
10127,26,Sales,Master's,4,27767,585,10787.664151134039,5.0,0
10128,31,Sales,High School,12,78324,731,48941.91261587209,4.0,0
10129,39,Operations,Bachelor's,12,37824,660,3382.451197846861,4.0,1
10130,31,Marketing,Master's,12,60576,658,20847.320902682608,3.0,0
10131,19,HR,Bachelor's,0,48573,638,3830.5746987508783,4.0,0
10132,38,Sales,Master's,19,21855,651,30502.20202780069,1.0,1
10133,25,Sales,High School,5,24683,678,58867.52808932154,2.0,1
10134,43,Engineering,Master's,22,67371,654,14255.88427245508,,1
10135,26,Marketing,PhD,6,29706,605,16740.27165024699,4.0,0
10136,56,Marketing,Master's,37,28504,738,65577.62396843599,2.0,1
10137,28,HR,Bachelor's,9,20474,610,18400.91759913246,2.0,1
10138,34,Operations,High School,14,46824,701,16716.166516530982,4.0,0
10139,47,Marketing,Master's,24,125180,816,21588.253335665882,4.0,0
10140,23,Engineering,Bachelor's,0,19138,599,29217.533547736013,4.0,0
10141,40,Sales,High School,21,36847,698,2825.9526906565516,4.0,0
10142,53,Sales,Master's,33,84739,687,43024.67843182236,5.0,0
10143,18,Engineering,Bachelor's,0,34620,657,14295.595036522054,1.0,1
10144,40,HR,High School,21,47639,688,1877.4791547698048,3.0,0
10145,41,Operations,Bachelor's,19,19198,672,38565.83057158986,,0
10146,47,Operations,High School,26,46956,663,11828.21152873781,2.0,0
10147,23,Engineering,Bachelor's,4,32458,567,2644.223173243761,,0
10148,22,Finance,Bachelor's,3,65607,678,25112.960266241975,4.0,0
10149,44,HR,Bachelor's,25,74045,626,53033.96869180751,5.0,0
10150,41,Marketing,Master's,17,171740,758,54676.45042789124,5.0,0
10151,41,Sales,Master's,11,51419,700,,,0
10152,42,Finance,Bachelor's,23,44155,688,50568.111919763505,2.0,0
10153,29,Sales,High School,10,40807,730,1000.0,5.0,0
10154,40,Marketing,Master's,15,29380,694,11960.621367517813,2.0,1
10155,41,Sales,Bachelor's,15,44493,639,42668.35632076108,4.0,0
10156,29,Sales,Bachelor's,9,30417,643,11402.636682021295,4.0,0
10157,60,Engineering,Bachelor's,40,40178,710,23004.237764223435,3.0,0
10158,43,Operations,Bachelor's,24,80062,648,23305.228209409324,4.0,0
10159,23,Sales,Master's,2,19852,582,11354.253244086736,2.0,1
10160,45,Sales,High School,25,71964,685,58708.90139988171,3.0,0
10161,26,Engineering,Master's,7,80038,596,17490.6201480202,5.0,0
10162,47,Sales,High School,26,33831,680,15627.131500584786,3.0,0
10163,51,Engineering,Master's,32,10166,662,149924.44957398387,2.0,1
10164,28,Engineering,High School,5,25217,563,17005.791852362,4.0,0
10165,49,Sales,High School,29,79078,737,4912.487318178425,5.0,0
10166,42,Marketing,Bachelor's,23,35820,703,17990.842953551062,2.0,1
10167,47,Sales,Bachelor's,26,19938,677,42052.46463076534,3.0,0
10168,60,Engineering,Bachelor's,40,26826,688,37498.934170250664,5.0,0
10169,35,Marketing,Bachelor's,6,60136,683,38847.92378752372,2.0,0
10170,28,Engineering,Bachelor's,7,50414,681,30777.073301972414,3.0,1
10171,27,Operations,High School,8,31465,653,7333.042937136881,4.0,0
10172,28,Sales,Bachelor's,6,29141,602,49527.77743043074,4.0,0
10173,37,HR,Master's,18,28708,670,55976.98982854415,5.0,0
10174,42,Marketing,Master's,16,20880,696,,2.0,1
10175,41,Engineering,Master's,21,95724,694,3494.648117420882,5.0,0
10176,47,Operations,Master's,26,29929,759,,5.0,0
10177,38,Engineering,Bachelor's,19,75379,677,50685.266078298155,3.0,0
10178,55,Marketing,High School,35,90471,743,55928.396669188005,1.0,0
10179,34,Sales,Bachelor's,10,66104,645,54371.5978118003,5.0,0
10180,70,Engineering,Master's,40,28029,711,19505.06345566659,4.0,0
10181,45,Finance,PhD,26,46269,619,25989.846490397245,4.0,0
10182,27,Sales,Bachelor's,8,35792,622,19706.39138505239,4.0,0
10183,25,Engineering,High School,1,21115,575,1314.0985643030351,5.0,0
10184,43,Engineering,High School,17,44117,674,34211.6641564663,5.0,0
10185,35,Engineering,Bachelor's,16,17900,686,17596.712897479454,3.0,0
10186,46,Finance,Bachelor's,26,74058,737,26082.448816683245,3.0,0
10187,43,HR,High School,23,27480,573,17461.01942254531,5.0,0
10188,37,Engineering,PhD,12,40974,738,16922.56219023066,5.0,0
10189,27,Engineering,Bachelor's,8,43043,662,4712.186458218376,4.0,0
10190,19,HR,Master's,0,31090,593,8167.978853218677,5.0,0
10191,32,Sales,Master's,9,51638,665,4324.711903397303,4.0,0
10192,48,Marketing,Master's,29,27311,686,5443.526018059759,3.0,0
10193,40,Marketing,Bachelor's,19,61253,660,90277.02503734424,5.0,0
10194,23,Engineering,Bachelor's,3,16194,626,4154.713290962986,4.0,0
10195,40,Sales,Bachelor's,20,39176,647,7842.795629153411,1.0,1
10196,42,Operations,Bachelor's,22,116233,720,22325.93360193524,3.0,0
10197,27,Engineering,Bachelor's,6,19926,600,23551.66331268325,4.0,0
10198,39,Sales,PhD,20,24181,602,4180.1335086109275,5.0,0
10199,38,Marketing,Master's,17,49431,679,39462.70826627523,3.0,0
10200,24,Marketing,Master's,1,40447,657,38451.53169965062,3.0,0
10201,42,Engineering,Master's,19,44818,694,6772.843065521956,4.0,0
10202,44,Finance,Bachelor's,25,48703,721,8515.340602148808,5.0,0
10203,50,Sales,High School,31,53147,717,,4.0,0
10204,50,Sales,Bachelor's,31,70673,697,43670.337968933934,4.0,0
10205,21,Marketing,Bachelor's,1,46438,672,,4.0,0
10206,26,Engineering,Master's,6,31421,582,2145.299364298249,3.0,0
10207,44,Engineering,Bachelor's,22,54368,651,13543.467037010514,4.0,0
10208,44,HR,Bachelor's,25,113542,702,20484.878877628962,3.0,0
10209,44,Engineering,Bachelor's,25,33537,720,5188.254667960473,5.0,0
10210,75,HR,High School,40,20237,733,14865.444795165928,2.0,1
10211,44,Marketing,Bachelor's,22,70562,719,22971.46800142211,4.0,0
10212,51,Marketing,Master's,32,33784,733,9914.245225606253,3.0,0
10213,49,Marketing,Bachelor's,27,9861,626,37960.7903160423,4.0,0
10214,45,Marketing,Bachelor's,26,60382,714,45884.882603227736,3.0,0
10215,34,Engineering,Bachelor's,9,26338,634,9774.616545259925,3.0,0
10216,47,Marketing,Bachelor's,22,34395,705,45605.5925728544,3.0,1
10217,28,Sales,High School,8,44319,646,2733.5598791205425,4.0,0
10218,35,Sales,PhD,16,40712,649,45462.202741161054,3.0,0
10219,32,Engineering,Bachelor's,12,55585,690,4143.999449692985,4.0,0
10220,38,Marketing,Bachelor's,19,27964,695,2164.209219480825,4.0,0
10221,65,Engineering,Bachelor's,40,49407,692,25664.878184850677,4.0,0
10222,18,Engineering,Master's,0,31078,622,15963.509421196544,4.0,0
10223,46,Engineering,Bachelor's,24,56572,650,59619.45706089758,5.0,0
10224,18,Finance,Bachelor's,0,52534,542,11282.066966453673,3.0,0
10225,32,Engineering,High School,12,20717,648,8462.185864550745,3.0,0
10226,51,Engineering,Master's,32,69674,744,17365.45185205068,5.0,0
10227,38,Engineering,Bachelor's,15,26328,661,15217.677844985019,3.0,0
10228,25,Engineering,Bachelor's,5,58972,579,10556.18031231074,5.0,0
10229,29,Sales,Bachelor's,7,45268,636,29583.12762783011,3.0,0
10230,46,Engineering,Bachelor's,27,109415,652,35632.308204119676,,0
10231,29,Engineering,Master's,10,31758,700,47930.34109831555,3.0,1
10232,40,Sales,Master's,7,29448,594,90165.53824031133,5.0,0
10233,38,Marketing,Bachelor's,19,35894,716,,4.0,0
10234,30,HR,Master's,0,30275,662,31477.75646760599,3.0,0
10235,63,Sales,Master's,33,58686,676,,2.0,0
10236,45,Engineering,PhD,22,13769,609,28258.91927745585,,0
10237,18,Sales,Bachelor's,0,19298,629,,4.0,0
10238,40,Engineering,Bachelor's,19,19135,619,126971.92767075812,3.0,0
10239,30,Sales,Bachelor's,5,64227,665,32631.885018703248,3.0,0
10240,48,Marketing,Master's,28,101353,717,76171.06089900408,4.0,0
10241,28,Engineering,High School,8,34109,572,45040.631837742,4.0,0
10242,36,Sales,Bachelor's,15,32817,567,58300.60793420076,3.0,0
10243,44,Finance,Bachelor's,24,37874,687,42106.62243120872,3.0,0
10244,48,Operations,Bachelor's,28,72920,691,15365.75461447732,4.0,0
10245,23,Sales,Bachelor's,3,20818,600,7251.738115287579,5.0,0
10246,33,Marketing,Master's,12,41899,685,11563.595094560053,3.0,0
10247,32,Engineering,Bachelor's,8,65193,715,1000.0,4.0,0
10248,30,Engineering,Master's,11,49052,650,18558.07676969776,2.0,1
10249,59,Marketing,Bachelor's,32,40690,682,17582.85728636086,3.0,0
10250,42,Marketing,Bachelor's,20,66212,712,,4.0,1
10251,22,Operations,Bachelor's,0,7172,551,91271.5105788893,3.0,0
10252,49,Marketing,High School,28,54541,708,,4.0,0
10253,63,Marketing,Bachelor's,40,24527,721,4409.862265036923,5.0,0
10254,50,Marketing,Master's,31,12107,698,11506.581389251887,5.0,0
10255,19,Finance,Bachelor's,0,49351,562,13789.288596481314,2.0,0
10256,32,Sales,Master's,13,82800,661,,3.0,0
10257,53,Sales,Bachelor's,28,33440,647,40048.64665134163,5.0,0
10258,29,Marketing,High School,0,64326,655,18560.41415649018,3.0,0
10259,43,Finance,High School,23,95546,741,21221.633195578223,4.0,0
10260,47,Engineering,Bachelor's,28,79933,779,47935.37336176717,,0
10261,26,Finance,Bachelor's,3,97146,663,,,0
10262,37,Sales,High School,18,56685,661,3545.182097603238,3.0,1
10263,18,Marketing,Bachelor's,0,37996,676,31286.621392529847,5.0,1
10264,25,Sales,Bachelor's,6,13888,634,14292.543886810192,5.0,0
10265,34,Sales,Bachelor's,15,31330,705,8726.489757379708,3.0,0
10266,23,Engineering,Master's,0,21895,629,1282.827651494651,5.0,0
10267,57,Finance,Bachelor's,35,133594,730,16699.150614643637,3.0,0
10268,20,Marketing,Bachelor's,0,32678,572,10979.55539624953,2.0,1
10269,32,Marketing,Master's,12,39101,593,7242.537408788964,4.0,0
10270,39,Engineering,Bachelor's,17,50558,700,29659.194619075446,4.0,0
10271,55,Marketing,Bachelor's,34,37278,745,,3.0,0
10272,20,Sales,Bachelor's,0,100411,754,7018.969646082915,3.0,0
10273,51,Marketing,High School,29,24994,711,1267.7954469275487,5.0,0
10274,38,Sales,Master's,17,40813,713,47220.97593018371,5.0,0
10275,26,Marketing,Bachelor's,6,23260,607,1000.0,5.0,0
10276,43,Operations,PhD,24,16448,614,69160.19416268828,2.0,1
10277,40,Sales,Master's,17,25158,688,24696.002557595235,4.0,0
10278,30,Finance,Bachelor's,11,35517,667,9709.545371338496,3.0,0
10279,38,Engineering,Bachelor's,16,28068,658,7074.923606517519,5.0,0
10280,33,Marketing,Bachelor's,14,23969,662,1000.0,2.0,1
10281,39,Marketing,Bachelor's,18,15618,661,,3.0,0
10282,45,Sales,Bachelor's,22,34549,722,3704.621563158582,4.0,0
10283,57,Finance,Bachelor's,38,14723,739,23679.46087689188,5.0,0
10284,23,Engineering,Bachelor's,4,57298,675,,4.0,1
10285,63,Engineering,Bachelor's,40,38156,744,18802.789651594896,3.0,0
10286,18,Finance,PhD,0,15145,632,22297.052913623054,4.0,0
10287,36,Engineering,High School,12,30166,629,8847.031901877914,5.0,0
10288,45,Sales,PhD,26,23125,700,1000.0,,1
10289,41,Sales,Master's,19,43980,617,,5.0,0
10290,30,Finance,Bachelor's,10,81167,727,1000.0,,0
10291,35,Engineering,Master's,15,11788,591,,1.0,1
10292,32,Engineering,Bachelor's,6,38910,654,9568.496279322746,1.0,1
10293,30,Sales,Bachelor's,10,32988,612,39777.69671746399,3.0,0
10294,48,Operations,Bachelor's,28,54328,721,14129.08975742192,2.0,0
10295,42,Marketing,Bachelor's,23,41271,677,,4.0,1
10296,29,Marketing,Bachelor's,10,23128,574,17981.25305854478,4.0,0
10297,48,Sales,Bachelor's,29,29988,698,31209.566833098055,4.0,1
10298,41,Operations,Bachelor's,22,22525,638,7988.018517166959,,0
10299,47,Finance,Bachelor's,26,69258,742,3240.9701653888774,4.0,0
10300,45,Operations,Bachelor's,25,36782,679,20301.496455060973,4.0,0
10301,28,Engineering,High School,7,113631,720,9899.417515557683,5.0,0
10302,31,Engineering,High School,12,35017,613,14606.929872618419,2.0,1
10303,46,Sales,Bachelor's,26,23740,647,26028.40663900892,4.0,0
10304,45,Finance,High School,23,14643,639,17036.678521379323,5.0,0
10305,37,Engineering,High School,8,12309,660,24207.950619636777,4.0,0
10306,39,Engineering,Master's,20,14037,718,19642.529170193397,3.0,1
10307,53,Finance,High School,28,42628,657,33657.269240867,3.0,0
10308,30,Engineering,Master's,9,49278,700,30598.99872159707,5.0,0
10309,44,Marketing,Bachelor's,23,14062,570,19099.430526398264,3.0,0
10310,35,Sales,Master's,14,62132,629,,5.0,0
10311,35,Sales,Bachelor's,16,27178,615,51699.60615144185,5.0,0
10312,51,HR,Bachelor's,32,39659,641,14152.789842570093,3.0,0
10313,47,Marketing,Bachelor's,26,95543,665,,4.0,0
10314,47,Sales,Bachelor's,27,62199,720,36124.11955633799,1.0,0
10315,53,Sales,Bachelor's,27,30911,670,21839.992350122746,3.0,0
10316,38,Sales,High School,18,21274,668,1841.3459651151893,,0
10317,46,Sales,PhD,27,9985,689,55666.54431071342,4.0,0
10318,34,Engineering,Bachelor's,12,23588,653,1000.0,3.0,0
10319,41,Engineering,Bachelor's,21,31994,693,34497.50679468806,5.0,0
10320,36,Engineering,Master's,15,20084,643,35552.613261128885,3.0,0
10321,39,Engineering,Bachelor's,17,33565,613,76499.34978557983,4.0,0
10322,45,Sales,Master's,20,38029,712,1391.3700197059804,4.0,0
10323,28,Finance,Bachelor's,5,31732,611,22711.589898520604,3.0,0
10324,63,HR,Master's,40,24587,662,13958.440093957794,5.0,0
10325,25,Finance,High School,3,40182,631,10035.568046531489,4.0,0
10326,23,Marketing,Master's,0,47342,601,,4.0,0
10327,51,Marketing,Master's,31,18878,660,20675.772719544657,4.0,0
10328,47,Marketing,Bachelor's,28,84673,737,16302.085214136941,3.0,1
10329,45,Engineering,High School,26,34229,693,2760.846811321716,3.0,0
10330,45,Engineering,Bachelor's,26,36728,645,23700.308802405263,4.0,1
10331,37,Sales,PhD,15,55543,654,33480.79652237167,5.0,0
10332,27,Operations,Bachelor's,5,41769,686,36447.79911083991,5.0,0
10333,38,Engineering,Bachelor's,17,64336,705,58945.36052269274,3.0,0
10334,29,Engineering,High School,10,43142,737,13168.402413575417,4.0,0
10335,49,HR,Bachelor's,27,25148,721,76478.928640863,2.0,1
10336,36,Engineering,Bachelor's,16,45111,713,50141.658709055795,2.0,0
10337,28,Finance,PhD,6,18283,571,8792.240889608225,4.0,0
10338,34,HR,Bachelor's,13,38759,687,4337.505605671318,4.0,0
10339,42,Operations,Master's,22,35598,670,14290.474553191487,3.0,0
10340,31,Marketing,Bachelor's,12,32052,627,12849.878867161324,4.0,1
10341,28,Sales,High School,9,33620,651,21434.000676440875,4.0,0
10342,40,Marketing,Bachelor's,16,11741,679,21889.892575007292,3.0,0
10343,40,Sales,Bachelor's,14,26128,668,34656.057499874885,4.0,0
10344,31,Marketing,PhD,9,38395,613,,3.0,1
10345,32,Engineering,Master's,13,39971,687,2768.3353448261873,,0
10346,40,Sales,Bachelor's,20,19602,630,48849.54969351639,5.0,0
10347,20,Sales,Bachelor's,0,77607,670,9268.063894780047,4.0,0
10348,21,Finance,Bachelor's,0,21596,605,88769.24172680384,5.0,0
10349,29,HR,Master's,10,64969,663,3135.1157153265094,2.0,0
10350,35,Sales,Master's,16,46925,700,79402.09763761694,4.0,0
10351,41,Engineering,Master's,19,24643,616,2385.579343966749,4.0,0
10352,55,HR,Bachelor's,35,105365,832,6567.782600248123,4.0,0
10353,48,Sales,Bachelor's,29,17744,599,1192.4924533640335,5.0,0
10354,36,Finance,Bachelor's,17,63037,660,30529.088603610842,4.0,0
10355,37,Operations,Bachelor's,16,66194,699,,5.0,0
10356,25,Engineering,Bachelor's,1,24285,644,14232.16987282206,3.0,0
10357,37,Finance,High School,9,83740,680,65959.1654701229,3.0,0
10358,34,Engineering,High School,13,31256,648,,4.0,0
10359,41,Marketing,Master's,20,43183,690,24856.788963010702,4.0,1
10360,28,Sales,Master's,9,42454,642,46675.9588251379,5.0,0
10361,44,Engineering,Bachelor's,23,33503,728,8802.855605234763,3.0,0
10362,56,HR,Bachelor's,36,59070,752,,3.0,0
10363,36,Engineering,Bachelor's,15,58459,711,59098.72823883232,4.0,0
10364,42,Engineering,Master's,22,12719,615,,5.0,0
10365,46,Sales,Master's,27,79427,714,93750.55496674476,5.0,0
10366,33,HR,Master's,14,13393,626,58028.48318904602,3.0,0
10367,40,Operations,Master's,20,67476,653,3406.149302188146,2.0,0
10368,38,HR,Bachelor's,19,71397,709,43392.64884182659,4.0,0
10369,39,Sales,Bachelor's,20,18871,633,13183.975340837002,3.0,0
10370,28,Marketing,Bachelor's,0,28382,648,117217.4797804368,5.0,0
10371,38,Engineering,Bachelor's,18,18705,608,15979.781657939619,4.0,0
10372,43,Engineering,Master's,22,31921,738,20176.721661550648,3.0,0
10373,55,Sales,Bachelor's,30,30187,648,18863.594880171895,3.0,0
10374,49,Sales,High School,14,57976,683,9705.505116865821,3.0,0
10375,63,Marketing,Bachelor's,40,79712,775,1949.6355409769174,5.0,0
10376,28,HR,PhD,4,83902,652,56500.410915862856,2.0,0
10377,48,Sales,Bachelor's,28,25918,710,40572.68202754743,3.0,0
10378,40,Engineering,Bachelor's,20,32031,616,3756.8196476567005,5.0,0
10379,64,Engineering,Bachelor's,40,13225,748,37488.62262820827,3.0,0
10380,28,Finance,High School,6,22392,630,24577.239544152748,4.0,0
10381,27,HR,Bachelor's,5,64790,637,,3.0,0
10382,30,Finance,Master's,10,95736,684,7326.45072935742,4.0,0
10383,18,Engineering,Bachelor's,0,17316,646,49104.4367436004,,0
10384,31,Operations,Master's,9,25451,614,30115.01330715225,3.0,0
10385,28,Engineering,Bachelor's,9,35744,616,19837.446077823337,4.0,0
10386,39,Engineering,High School,18,42963,661,23512.570701146225,3.0,0
10387,42,Operations,PhD,20,22342,610,,4.0,0
10388,60,Engineering,Bachelor's,38,46837,786,16057.538302053523,3.0,0
10389,49,Sales,Bachelor's,26,27328,651,5382.494010344103,4.0,0
10390,31,Engineering,Master's,6,36001,674,5841.961193529678,5.0,0
10391,27,Sales,Bachelor's,6,50401,660,27066.30544353389,2.0,0
10392,43,Operations,Master's,21,36455,631,60550.029236794755,3.0,1
10393,22,Marketing,High School,1,27949,624,12927.658089929533,5.0,0
10394,59,Sales,Bachelor's,40,34004,738,5821.934069682025,,0
10395,52,Engineering,High School,33,34440,686,26156.208469031204,2.0,1
10396,32,Sales,Master's,12,29085,694,51234.847463864666,4.0,0
10397,18,Marketing,Bachelor's,0,31092,665,34489.801904604836,3.0,0
10398,54,Engineering,Master's,33,94768,778,50767.66172076179,3.0,0
10399,36,Marketing,PhD,12,50845,646,19226.671337288404,5.0,1
10400,52,Engineering,Bachelor's,33,30415,647,34845.6910660799,4.0,0
10401,18,Operations,Bachelor's,0,55169,619,,4.0,1
10402,30,Marketing,Bachelor's,2,29723,635,10703.299874698036,3.0,0
10403,38,Engineering,Bachelor's,19,73414,718,12338.938004386959,2.0,0
10404,38,Marketing,Bachelor's,18,45332,585,17899.944263013258,5.0,0
10405,32,Marketing,Bachelor's,11,34051,648,66153.78693193132,1.0,1
10406,45,HR,PhD,24,47506,692,,3.0,0
10407,25,Operations,PhD,6,14150,612,3611.933965721486,3.0,0
10408,36,Marketing,Master's,17,18470,700,,,0
10409,39,Finance,Master's,20,17741,671,11065.181009173599,3.0,0
10410,44,Sales,Bachelor's,23,39567,730,8588.463915099936,3.0,0
10411,46,Engineering,Master's,25,102694,723,23847.929868158306,5.0,0
10412,24,HR,Master's,5,138521,758,58268.454392430926,,0
10413,19,Sales,Bachelor's,0,53254,708,81946.77127188804,2.0,0
10414,53,Sales,PhD,29,49045,749,26504.24064538118,4.0,0
10415,41,Finance,Bachelor's,22,12324,610,45528.553790958074,3.0,0
10416,29,Marketing,Bachelor's,8,26223,626,18621.656256834045,4.0,0
10417,56,Operations,Master's,34,22636,672,5840.169602247097,4.0,0
10418,39,HR,PhD,20,25021,679,18594.617886617598,3.0,0
10419,52,Sales,Bachelor's,32,32830,717,20246.665881346253,3.0,0
10420,38,Sales,Master's,17,27357,622,,4.0,0
10421,62,Marketing,Bachelor's,37,11074,685,6207.78393384119,5.0,0
10422,59,Operations,Bachelor's,36,56882,636,11483.927909161543,4.0,0
10423,35,Sales,Master's,14,19079,700,11314.9976790924,1.0,1
10424,49,Engineering,Bachelor's,27,41921,667,80124.07382037686,3.0,0
10425,45,Marketing,Master's,25,126051,753,14672.19993532074,3.0,1
10426,54,Sales,Bachelor's,32,20918,668,35172.01705000299,3.0,0
10427,26,Engineering,Bachelor's,6,7957,664,34738.62911897118,4.0,0
10428,46,Engineering,Bachelor's,27,30589,564,7715.636036972037,4.0,0
10429,50,Marketing,Bachelor's,28,70303,711,,2.0,0
10430,18,Marketing,Bachelor's,0,117595,689,,3.0,0
10431,23,Marketing,PhD,3,17366,601,16118.342395368207,4.0,0
10432,18,Engineering,Bachelor's,0,48923,708,72564.0219113215,3.0,0
10433,34,Engineering,Master's,15,27469,616,6034.54113797775,5.0,0
10434,46,HR,Bachelor's,26,34078,710,1926.3219897275787,4.0,0
10435,56,Sales,Bachelor's,37,177478,830,55514.50160095749,5.0,0
10436,38,Engineering,Bachelor's,15,14738,692,,5.0,0
10437,57,Marketing,Bachelor's,35,42287,677,122622.70241858548,5.0,0
10438,21,Sales,Bachelor's,1,48079,611,28438.51818621191,1.0,0
10439,18,Engineering,Bachelor's,0,69666,699,68991.98090156175,5.0,1
10440,37,Engineering,Bachelor's,17,38514,681,43854.22687982341,2.0,1
10441,42,Engineering,High School,19,43688,611,46515.89793875369,1.0,0
10442,37,Finance,Bachelor's,17,28710,635,21049.39281419671,4.0,0
10443,18,HR,Bachelor's,0,42679,649,12046.423997209102,3.0,0
10444,36,HR,High School,9,29557,675,68164.80333301736,3.0,0
10445,22,HR,PhD,3,52730,621,14146.004416028803,3.0,0
10446,46,Sales,Bachelor's,27,29092,560,19349.137115956117,3.0,0
10447,42,Marketing,Master's,21,45536,699,14769.923601870256,4.0,0
10448,26,Sales,Bachelor's,0,35683,579,20799.7916508969,3.0,0
10449,31,Engineering,Master's,11,71369,598,15895.792651004447,4.0,0
10450,25,Sales,Bachelor's,6,35212,526,1228.9041912246098,5.0,0
10451,37,HR,Master's,17,12533,676,53436.97734784835,4.0,0
10452,49,Sales,Bachelor's,28,77431,723,14692.388577555548,4.0,1
10453,26,Marketing,PhD,7,21090,621,22225.624140743854,5.0,0
10454,44,Engineering,Master's,22,24532,719,3746.973000413336,2.0,1
10455,31,Sales,Master's,0,25402,645,1000.0,4.0,0
10456,28,HR,Bachelor's,8,82839,746,7035.545838998734,5.0,0
10457,36,Finance,Bachelor's,16,10082,584,30484.44063542309,5.0,0
10458,25,Marketing,Bachelor's,5,238625,799,2611.6487340087474,4.0,1
10459,31,HR,Bachelor's,12,68434,614,59891.49044972821,2.0,0
10460,23,Sales,Master's,0,41520,624,6052.507809631241,5.0,0
10461,61,Finance,High School,40,35138,698,5722.552948569492,3.0,1
10462,38,Sales,High School,18,43102,695,5007.290232655405,3.0,0
10463,29,Sales,Bachelor's,7,49646,655,1000.0,3.0,0
10464,40,Sales,Bachelor's,20,53483,707,,4.0,0
10465,36,HR,Bachelor's,14,50683,696,51992.94574514884,5.0,0
10466,35,Operations,Master's,16,38320,748,23808.48769364355,5.0,0
10467,45,Engineering,Bachelor's,21,32260,655,5212.531300250889,4.0,0
10468,47,Engineering,High School,20,33164,628,8396.540470086382,1.0,1
10469,31,Operations,Bachelor's,9,32307,653,16153.092847999567,4.0,0
10470,31,Sales,Bachelor's,3,71701,631,77166.57482306415,,0
10471,34,Sales,High School,15,51851,730,7103.919733189446,4.0,1
10472,18,Sales,Master's,0,6221,593,32886.1979132259,5.0,0
10473,19,Engineering,Master's,0,53827,620,14470.841620233063,5.0,0
10474,54,HR,Master's,33,40816,679,8840.111152927197,4.0,0
10475,57,HR,Master's,37,35910,731,15216.287913286616,2.0,1
10476,35,Marketing,High School,15,28764,646,1846.7270279869251,4.0,0
10477,44,Marketing,PhD,25,71286,681,40072.40526875558,5.0,0
10478,41,Finance,Master's,21,64120,759,6969.773829194405,3.0,0
10479,74,Engineering,Master's,40,22840,664,32312.098379424893,5.0,1
10480,51,Finance,High School,29,46361,696,1769.9080820153163,3.0,0
10481,36,Engineering,PhD,17,20272,676,77582.13320211771,4.0,0
10482,26,Sales,Master's,7,15870,561,5361.25450401395,4.0,0
10483,18,Operations,Master's,0,24933,639,53584.48234039469,,0
10484,40,Sales,High School,19,60927,644,41449.06155907873,5.0,0
10485,28,Marketing,Master's,3,64336,690,,3.0,0
10486,20,HR,PhD,0,49407,601,16246.956281095112,,0
10487,30,Marketing,Master's,10,56109,692,32493.49581428606,4.0,0
10488,25,Engineering,Bachelor's,2,49498,687,,3.0,0
10489,58,Operations,PhD,37,24713,728,5094.807448871957,4.0,0
10490,48,HR,Bachelor's,29,47058,705,14633.159329589082,1.0,0
10491,37,Sales,Bachelor's,16,58702,669,4530.524527893879,2.0,0
10492,55,Marketing,Bachelor's,29,57100,680,100496.64106726712,4.0,0
10493,38,Engineering,PhD,18,74113,754,2529.9655740368944,4.0,0
10494,27,Engineering,High School,7,55546,630,22241.93348594323,,0
10495,56,Sales,Bachelor's,37,44840,668,24618.512650249184,3.0,0
10496,44,HR,Master's,25,69015,731,19309.064336163494,2.0,0
10497,25,Sales,Master's,5,35742,606,27131.487312716396,4.0,0
10498,35,Finance,Bachelor's,14,21394,607,,2.0,1
10499,27,Engineering,Master's,8,32930,584,20243.065627749067,4.0,0
10500,21,Marketing,PhD,0,23226,599,8464.300981069719,4.0,0
10501,49,Engineering,High School,26,24219,668,70408.73547173431,4.0,0
10502,60,Marketing,Bachelor's,39,33299,714,35894.64288781466,3.0,0
10503,21,Engineering,High School,0,22573,656,89852.40092538427,4.0,0
10504,44,Operations,Bachelor's,25,30188,695,1000.0,5.0,0
10505,30,Engineering,Bachelor's,10,11658,621,,3.0,1
10506,32,Operations,Master's,11,41273,647,5435.952293626793,3.0,0
10507,30,Marketing,Master's,6,36341,661,1000.0,,0
10508,27,Operations,High School,4,22242,676,6937.542724434533,3.0,0
10509,38,Sales,High School,19,53935,686,28390.41321494355,4.0,0
10510,28,Operations,Bachelor's,1,63738,634,6569.498740688405,5.0,0
10511,41,Engineering,Bachelor's,22,13842,615,17782.954212211145,4.0,1
10512,37,HR,Bachelor's,12,22979,584,54690.84378448398,4.0,0
10513,35,Operations,Master's,6,22891,656,29584.484495549106,4.0,0
10514,27,Engineering,Master's,8,20662,655,12547.847530790832,1.0,1
10515,31,Engineering,Bachelor's,9,59735,688,11649.052736490245,3.0,0
10516,47,Marketing,Master's,28,32328,676,15208.012849884613,5.0,1
10517,44,Operations,Bachelor's,24,30986,729,4871.235830752315,5.0,0
10518,26,Sales,Master's,5,10912,599,25128.1010586991,5.0,0
10519,39,Sales,Bachelor's,18,53170,716,11319.92565313203,5.0,0
10520,47,Engineering,High School,20,17265,652,47825.36583176436,3.0,0
10521,18,Engineering,Master's,0,37645,605,35321.36557297092,3.0,0
10522,44,Finance,Bachelor's,24,42891,706,23573.13029137393,3.0,0
10523,30,Engineering,Master's,7,82157,696,,2.0,0
10524,44,Sales,Bachelor's,16,16559,659,5890.901205571186,5.0,0
10525,28,Operations,High School,9,5933,625,37419.68554515934,5.0,0
10526,18,Engineering,High School,0,40550,630,16658.20607168645,,0
10527,18,Sales,Bachelor's,0,106970,781,6364.244256170021,4.0,0
10528,38,Engineering,Master's,14,76371,736,,3.0,0
10529,41,Sales,Bachelor's,22,41183,705,4520.094864489908,3.0,0
10530,27,Engineering,Master's,8,27038,642,37532.66554615154,3.0,0
10531,45,HR,Master's,25,58939,737,6501.257116884143,4.0,0
10532,18,Marketing,Master's,0,20249,636,18697.596561280512,4.0,0
10533,37,Marketing,Bachelor's,17,48330,673,15016.313150880767,5.0,0
10534,23,Sales,Master's,4,49181,635,21664.364154191673,5.0,0
10535,30,Engineering,Bachelor's,9,68605,669,52420.77674679873,2.0,0
10536,38,HR,Bachelor's,13,190193,651,50576.0368426685,2.0,0
10537,27,Marketing,Bachelor's,7,45956,659,14994.885285438466,4.0,0
10538,33,Sales,Bachelor's,14,26758,629,1000.0,3.0,0
10539,50,Engineering,High School,30,35762,752,13897.48406019645,5.0,0
10540,31,HR,Bachelor's,12,12563,634,23297.392552615194,4.0,1
10541,48,Engineering,Bachelor's,24,23936,619,,3.0,0
10542,24,Marketing,Bachelor's,0,28408,620,26341.171867070534,4.0,0
10543,44,Engineering,Master's,23,26517,625,4183.136041815294,4.0,0
10544,55,HR,Bachelor's,35,39791,720,25999.27719780784,5.0,0
10545,18,Engineering,Bachelor's,0,22171,629,5042.246494124443,1.0,1
10546,28,Finance,Bachelor's,7,71155,709,34709.812085673446,5.0,0
10547,44,Finance,Master's,20,36320,637,10353.349861378158,4.0,0
10548,35,Engineering,High School,14,36113,658,30937.846161157122,4.0,0
10549,42,Sales,Bachelor's,19,29829,607,1226.2269133939658,1.0,1
10550,30,Engineering,Bachelor's,9,39859,677,13100.305719696025,4.0,0
10551,39,Marketing,Master's,19,59579,706,,4.0,0
10552,36,HR,Bachelor's,8,21584,653,6432.71841106636,4.0,1
10553,52,Sales,Master's,31,24468,681,39653.66248971948,5.0,0
10554,41,Sales,High School,20,30265,680,24909.047094452057,4.0,0
10555,42,Engineering,Bachelor's,23,16195,723,22141.72087718324,5.0,0
10556,33,Marketing,Bachelor's,12,22213,630,10906.441271008067,3.0,0
10557,32,Engineering,High School,11,27289,649,16466.299529952154,5.0,0
10558,32,HR,Bachelor's,13,61367,631,22742.146117202017,3.0,0
10559,42,Sales,Bachelor's,23,42511,645,15988.364856217404,5.0,0
10560,32,HR,Bachelor's,11,40788,658,29959.157416780425,5.0,0
10561,41,Engineering,Master's,18,60508,728,14215.647255214933,3.0,0
10562,62,Marketing,Bachelor's,40,33442,696,5649.726828792815,4.0,0
10563,48,Marketing,Master's,29,45902,685,6017.856107530358,4.0,0
10564,34,Engineering,Bachelor's,12,34134,635,,2.0,1
10565,52,Marketing,Bachelor's,33,42583,678,8951.101145373843,4.0,0
10566,33,Finance,Bachelor's,13,25599,658,34549.3567022048,3.0,0
10567,18,Finance,High School,0,8406,546,39516.73177534176,5.0,0
10568,25,Sales,High School,6,33504,690,5655.818639622116,5.0,0
10569,18,Marketing,Bachelor's,0,85276,641,79881.42207201157,4.0,0
10570,33,Engineering,PhD,13,63305,705,17449.108786998313,4.0,0
10571,38,Finance,Master's,19,64811,639,62216.46670088718,4.0,0
10572,58,Engineering,High School,38,76242,763,30669.5476216639,3.0,0
10573,41,Operations,Master's,20,38299,697,32042.36143836971,4.0,0
10574,35,Sales,Master's,15,40879,678,2221.9722100395907,4.0,0
10575,47,Marketing,Bachelor's,27,25069,634,6211.249589750936,5.0,0
10576,18,Operations,Master's,0,30042,634,,4.0,1
10577,40,Engineering,Bachelor's,21,52546,636,31480.764503674152,4.0,0
10578,47,Sales,Bachelor's,26,74781,701,10556.570898396376,4.0,0
10579,20,Sales,Bachelor's,1,33400,669,38620.826565105024,3.0,0
10580,51,Engineering,Bachelor's,32,27719,718,10347.623838091293,4.0,0
10581,42,Marketing,Bachelor's,21,36327,671,42777.597130266884,4.0,1
10582,33,Sales,Bachelor's,12,52089,626,3501.624502425284,3.0,1
10583,45,HR,PhD,20,15270,678,,4.0,0
10584,65,Engineering,Master's,40,9157,688,10421.110423346732,4.0,1
10585,40,Operations,Master's,12,26099,552,13126.80688050023,4.0,0
10586,40,Engineering,Master's,21,17458,687,10719.730729535557,4.0,0
10587,32,Engineering,PhD,13,26772,646,36060.7241596976,4.0,0
10588,27,Engineering,High School,8,33234,690,2549.472456263485,4.0,1
10589,47,Engineering,Bachelor's,28,27668,634,10816.425225335835,5.0,0
10590,27,Engineering,Bachelor's,6,86810,554,45386.96382179056,3.0,0
10591,38,Operations,Master's,16,44180,678,1728.3151721882307,5.0,1
10592,32,Marketing,Bachelor's,13,43489,672,71331.31055815156,4.0,0
10593,43,Engineering,Master's,16,52750,606,107289.73913387998,5.0,0
10594,42,Engineering,High School,18,18337,611,2318.462016666939,,0
10595,50,HR,Bachelor's,30,67742,824,8607.105046955678,3.0,0
10596,31,Finance,Master's,12,34701,639,11646.332984140665,2.0,1
10597,34,Engineering,Bachelor's,15,54300,702,37446.44841785566,4.0,0
10598,26,Engineering,Bachelor's,7,19089,603,22653.98148253106,4.0,0
10599,32,Engineering,Bachelor's,13,14296,553,25846.30811715402,4.0,0
10600,42,Engineering,Bachelor's,21,59321,682,35419.85189732685,4.0,0
10601,47,Engineering,Master's,28,45517,681,,3.0,0
10602,26,Marketing,Bachelor's,6,21136,612,44775.41216923665,,0
10603,48,Engineering,Bachelor's,16,21551,644,,4.0,0
10604,54,Sales,High School,32,71343,731,21529.78218539312,3.0,0
10605,42,Engineering,Master's,15,17789,638,55121.79389151286,4.0,0
10606,60,Operations,Bachelor's,40,97304,707,30124.862642444095,3.0,0
10607,28,Operations,Bachelor's,8,21154,652,5631.76913799235,4.0,0
10608,23,Sales,Master's,2,53265,568,14041.807950674349,2.0,0
10609,18,Marketing,Bachelor's,0,29816,541,17032.583263691915,3.0,0
10610,55,Marketing,Master's,36,52151,743,1420.0167716859605,4.0,0
10611,45,Marketing,Bachelor's,23,26200,687,77326.74502401541,4.0,0
10612,37,HR,Bachelor's,15,32936,654,3440.7017654043366,3.0,0
10613,41,Marketing,Bachelor's,21,37218,615,29888.649187056264,5.0,0
10614,24,Finance,PhD,3,19904,593,17642.188889679146,3.0,0
10615,67,Operations,Master's,40,56641,714,1000.0,4.0,0
10616,39,Marketing,Bachelor's,20,26690,597,64672.645814624375,3.0,0
10617,39,Sales,Bachelor's,19,31660,633,47736.02423917806,3.0,0
10618,46,Engineering,Master's,27,19998,696,18571.98592392476,4.0,0
10619,43,Engineering,Master's,24,7805,711,6499.802930402311,3.0,0
10620,40,Marketing,Master's,12,32382,633,3241.981702095937,4.0,0
10621,28,Engineering,Bachelor's,7,154441,767,11290.048763915544,,0
10622,43,Finance,Master's,21,58148,611,7373.652494832399,4.0,0
10623,60,Engineering,Bachelor's,40,35898,735,17665.498347456898,3.0,1
10624,54,Marketing,Bachelor's,34,31016,660,84837.64801583564,3.0,0
10625,57,Sales,Bachelor's,38,36808,717,21388.917208738305,1.0,1
10626,31,HR,PhD,12,50426,654,55166.20862222922,4.0,0
10627,26,Marketing,Bachelor's,7,17881,681,26308.406163255942,4.0,0
10628,36,Finance,Bachelor's,13,70869,647,16120.667528173313,5.0,0
10629,38,Sales,Master's,16,55783,701,48207.96821330926,4.0,0
10630,51,Marketing,Bachelor's,30,55877,693,15936.573744688461,5.0,0
10631,18,Engineering,Master's,0,47244,631,50743.089584039255,4.0,0
10632,56,Marketing,Master's,30,36745,682,8617.839520111886,1.0,1
10633,36,Finance,High School,17,54378,643,3447.467852274671,3.0,0
10634,32,Sales,PhD,13,51797,666,48329.81528460623,4.0,0
10635,25,Finance,Master's,5,29365,630,22132.83577050794,4.0,0
10636,18,Sales,Master's,0,25740,630,54976.446024455814,2.0,1
10637,47,Engineering,Master's,14,38604,662,69445.94465956012,4.0,0
10638,38,Engineering,Master's,19,91987,743,1377.9991261783127,4.0,0
10639,22,Marketing,High School,0,17266,650,17377.191645048726,4.0,0
10640,22,HR,Bachelor's,0,15055,570,11748.672734339618,3.0,1
10641,33,Finance,Master's,14,40088,694,24578.023394138225,4.0,0
10642,58,Engineering,Bachelor's,38,37441,658,39447.414926765814,1.0,1
10643,34,Sales,High School,14,40295,683,8233.103688876507,2.0,0
10644,19,Marketing,Master's,0,42039,658,20343.26245470787,4.0,0
10645,35,Marketing,Master's,16,31763,580,30837.49328539134,3.0,1
10646,34,Engineering,Bachelor's,11,88780,696,3609.2070135206495,3.0,0
10647,18,Engineering,Master's,0,13897,592,42059.20948488248,3.0,0
10648,37,Engineering,Master's,15,22090,617,23292.064514923455,4.0,0
10649,35,Engineering,Bachelor's,15,34133,711,74663.08866510591,,0
10650,46,Engineering,Master's,25,13549,634,10370.048491837793,3.0,1
10651,60,Engineering,Bachelor's,36,32678,665,2861.3193068439805,4.0,0
10652,51,Sales,Bachelor's,28,98408,737,17655.871345591757,4.0,0
10653,34,Marketing,Bachelor's,9,36773,674,,5.0,0
10654,24,Operations,Bachelor's,5,41706,637,87272.46477214241,3.0,0
10655,68,Engineering,Bachelor's,40,17049,740,1000.0,3.0,0
10656,38,Marketing,Master's,19,25088,679,35010.22779044401,4.0,0
10657,38,Marketing,Master's,18,28995,572,18616.401830585928,3.0,0
10658,37,Engineering,Bachelor's,16,30012,634,11496.210311243043,5.0,0
10659,40,Finance,Master's,20,78353,680,1702.7466570380216,4.0,0
10660,36,Engineering,Bachelor's,15,50747,689,24332.56948096725,3.0,1
10661,31,Operations,High School,0,18641,509,22000.195348283894,5.0,0
10662,31,Finance,Master's,12,42104,759,8243.289705437639,1.0,0
10663,37,Sales,High School,15,48968,690,60260.299917283155,5.0,0
10664,31,Sales,Bachelor's,11,71976,685,9064.092191675778,5.0,0
10665,29,Sales,Master's,10,93744,742,14933.446796806771,4.0,0
10666,39,Marketing,Bachelor's,20,19750,749,19618.541877543354,2.0,1
10667,34,Sales,Master's,7,22325,666,2640.45478178579,3.0,0
10668,56,Engineering,Bachelor's,31,17076,713,67265.7157500422,3.0,0
10669,18,Engineering,High School,0,31558,630,11731.543710726017,3.0,0
10670,51,Marketing,Bachelor's,18,48041,668,2105.723485617577,4.0,0
10671,52,Sales,Bachelor's,33,65670,699,12246.63634330432,5.0,0
10672,18,Finance,Bachelor's,0,34697,594,22919.93069632605,4.0,0
10673,33,Engineering,Bachelor's,11,29974,618,18020.806082505507,4.0,0
10674,33,Finance,Master's,13,39777,603,29648.572609183644,4.0,0
10675,21,Engineering,Master's,1,22002,616,1427.0647667214055,5.0,0
10676,28,Marketing,Bachelor's,8,127226,650,8370.760987222075,1.0,0
10677,24,Marketing,Bachelor's,3,13841,624,42763.32412543098,4.0,0
10678,59,Marketing,Bachelor's,38,40572,707,2081.651471667425,5.0,0
10679,49,Engineering,PhD,30,122291,763,48359.46442043164,5.0,0
10680,53,Sales,PhD,33,36463,674,2409.911772242962,5.0,0
10681,46,Finance,Bachelor's,25,32402,798,44962.68688111778,4.0,0
10682,24,Marketing,Master's,3,29305,683,11187.993467443073,3.0,1
10683,31,Sales,Bachelor's,12,32590,600,23682.222685098146,4.0,0
10684,43,Finance,High School,20,82760,715,4148.032942658481,1.0,1
10685,23,HR,High School,4,9632,591,1711.4875329201743,4.0,0
10686,46,Sales,Bachelor's,26,91131,684,6081.686008377095,4.0,0
10687,35,Engineering,Bachelor's,12,15454,582,3419.955727755259,4.0,0
10688,33,Finance,High School,12,30946,666,9363.914567643398,5.0,0
10689,46,Sales,Master's,27,28069,649,18058.388480922047,4.0,1
10690,43,Engineering,Bachelor's,21,51695,722,22214.42472188897,3.0,0
10691,33,Engineering,Bachelor's,12,13920,674,39000.49713288514,3.0,0
10692,51,Finance,Bachelor's,28,47920,749,26695.280724356253,5.0,0
10693,25,Engineering,Bachelor's,3,122343,669,23460.745391013934,,0
10694,45,Operations,Bachelor's,24,16028,679,13266.442455538765,3.0,0
10695,45,Engineering,Bachelor's,24,40693,705,,3.0,0
10696,34,Finance,Bachelor's,15,24411,630,13383.116799151258,4.0,0
10697,41,Marketing,Bachelor's,22,46888,650,46155.29054075601,2.0,0
10698,22,Sales,Bachelor's,2,36735,697,6534.1337964943705,5.0,0
10699,49,Finance,Bachelor's,28,24713,684,1000.0,5.0,0
10700,35,Marketing,Master's,14,48665,692,26340.00970219642,5.0,0
10701,31,Sales,Master's,11,107216,674,5655.650670316779,1.0,0
10702,50,Engineering,High School,31,32385,639,55208.05387704199,5.0,0
10703,29,Engineering,Bachelor's,8,55929,637,48983.100551946605,5.0,0
10704,21,Engineering,High School,1,16714,610,1995.7679100207642,5.0,0
10705,19,HR,Bachelor's,0,20458,573,2812.1014042601596,4.0,0
10706,45,Engineering,Bachelor's,26,48215,690,17088.41735185988,4.0,0
10707,22,Engineering,Bachelor's,1,88474,605,23490.433780118638,,0
10708,59,Marketing,Bachelor's,32,44952,655,,5.0,0
10709,18,Sales,Master's,0,30096,650,31539.846367321294,2.0,1
10710,58,HR,Bachelor's,38,36300,729,22591.52194037396,3.0,0
10711,40,Engineering,Bachelor's,21,17150,640,,5.0,0
10712,36,Engineering,Bachelor's,15,52193,631,1000.0,4.0,0
10713,31,Operations,PhD,10,61660,628,34672.39167655373,2.0,0
10714,42,Engineering,Master's,22,27687,651,6043.945223210266,5.0,1
10715,37,Finance,Bachelor's,16,27391,679,44965.63617439814,,0
10716,51,Finance,Master's,26,42596,723,13630.693726928934,3.0,0
10717,39,HR,Bachelor's,20,27944,642,21514.15490511694,5.0,0
10718,39,Engineering,Master's,20,34902,621,51579.11441051426,3.0,0
10719,33,Finance,Master's,9,128006,731,49808.3044059389,3.0,0
10720,37,HR,Bachelor's,16,31312,624,11611.259935228833,3.0,0
10721,41,Sales,Master's,16,29289,634,5857.921418712827,1.0,1
10722,18,Marketing,Bachelor's,0,24623,672,37307.60804927274,3.0,0
10723,21,Engineering,Bachelor's,0,56755,678,14188.435945520498,2.0,0
10724,46,Engineering,Bachelor's,26,32573,684,5331.129850953371,5.0,0
10725,40,Sales,Master's,17,24596,602,58696.18952665074,4.0,0
10726,35,Sales,Bachelor's,9,80240,690,5519.414939051028,,0
10727,38,Marketing,High School,17,85115,744,1000.0,4.0,0
10728,42,Marketing,Master's,23,25330,651,1000.0,2.0,1
10729,31,Marketing,Bachelor's,12,11849,687,24342.392697469015,5.0,0
10730,28,Sales,High School,9,66470,722,27093.712162117125,5.0,0
10731,40,Operations,Bachelor's,21,24082,727,9314.363490911344,3.0,0
10732,26,Engineering,Bachelor's,6,58359,670,9641.966040000392,2.0,0
10733,42,Marketing,Bachelor's,21,11135,674,10368.723560882712,4.0,0
10734,18,Engineering,High School,0,62041,706,28498.246614751006,4.0,0
10735,50,Sales,PhD,30,17558,691,1497.3010795926114,5.0,0
10736,43,HR,Master's,22,56300,668,66167.88791235116,2.0,0
10737,41,Operations,Bachelor's,22,36627,655,6292.467544030508,2.0,1
10738,49,Engineering,Bachelor's,30,20488,685,200654.45589452554,,1
10739,57,Operations,Bachelor's,38,28446,647,4704.145847637537,4.0,0
10740,50,Engineering,Bachelor's,29,54818,696,36910.56008990976,1.0,0
10741,18,Sales,High School,0,38697,674,6321.150386788131,3.0,0
10742,22,Engineering,Bachelor's,3,51567,559,2107.561734241396,4.0,0
10743,30,Finance,Master's,10,118879,776,51972.706967375234,4.0,0
10744,38,Sales,Bachelor's,14,14206,684,48930.82059052764,3.0,0
10745,44,Sales,Bachelor's,25,95829,708,12919.851338593855,4.0,0
10746,29,Finance,Master's,7,38662,666,30299.80035533694,5.0,0
10747,40,Engineering,Master's,18,21178,653,20358.358806430602,5.0,0
10748,28,Engineering,Bachelor's,5,16347,672,47925.60475806094,3.0,0
10749,30,Finance,Master's,3,32419,671,9460.453777316134,3.0,0
10750,21,Marketing,High School,2,63132,598,18541.235654494252,5.0,0
10751,26,Engineering,Master's,7,33639,664,,3.0,1
10752,21,Marketing,Bachelor's,0,89921,663,10920.25015090579,4.0,0
10753,26,Sales,Master's,6,15203,627,55514.77600461334,4.0,0
10754,50,Engineering,PhD,29,36053,657,4534.387850715127,3.0,0
10755,26,Engineering,Master's,4,17129,691,4048.5256341104623,4.0,0
10756,69,Engineering,Master's,40,45169,757,21504.231457909667,4.0,0
10757,43,Marketing,Bachelor's,16,61829,651,26786.669366561717,4.0,0
10758,40,Finance,Bachelor's,4,28213,577,5411.0034346783395,2.0,1
10759,27,Operations,Bachelor's,5,7611,600,12386.828721195085,5.0,0
10760,46,Sales,Master's,26,40919,702,73231.69160917327,4.0,0
10761,31,Engineering,Master's,6,47194,659,7079.552735264805,4.0,0
10762,39,Operations,Bachelor's,20,46285,727,27592.68382108616,5.0,0
10763,68,Sales,Master's,40,76226,772,33691.210106298575,4.0,0
10764,36,Engineering,Master's,11,19098,676,14861.010277350211,4.0,0
10765,51,Operations,PhD,32,54618,720,69325.11492142428,5.0,0
10766,29,HR,Master's,10,74273,623,33357.42271353312,3.0,0
10767,37,HR,Bachelor's,18,12492,638,,4.0,0
10768,59,HR,High School,35,43993,747,21060.63054516233,5.0,0
10769,30,Engineering,High School,9,26835,637,29491.2295377891,3.0,0
10770,59,Engineering,Bachelor's,37,34581,721,22423.85854381558,1.0,1
10771,46,HR,Bachelor's,27,44739,677,52736.713605922734,5.0,0
10772,31,Engineering,Master's,8,27110,596,11035.935405103928,5.0,1
10773,45,Marketing,Master's,22,24211,658,8912.793219183646,5.0,0
10774,49,Finance,Bachelor's,29,37067,700,6014.83830901528,2.0,1
10775,45,Finance,High School,25,18913,638,1000.0,,0
10776,19,Marketing,Bachelor's,0,18930,605,1099.1619866083379,2.0,1
10777,29,Finance,High School,0,54590,606,51016.13702644444,,0
10778,35,Finance,Bachelor's,13,18228,685,28360.63577443738,4.0,1
10779,37,Sales,Bachelor's,10,54164,651,27009.420411815616,3.0,0
10780,45,Engineering,High School,25,47932,746,23839.61579389144,2.0,0
10781,40,Engineering,Bachelor's,17,12893,705,47298.1946418147,4.0,0
10782,21,Marketing,Bachelor's,0,24184,616,16360.997944687464,4.0,0
10783,42,Engineering,Bachelor's,20,74344,659,51084.651306133885,2.0,0
10784,45,Engineering,Bachelor's,16,20156,564,11135.50829481414,5.0,0
10785,44,Engineering,Bachelor's,24,27483,611,65332.426344072526,3.0,0
10786,50,Marketing,Bachelor's,31,47917,645,29987.651550665916,4.0,0
10787,48,Operations,PhD,26,58106,753,7432.441729522403,5.0,0
10788,43,Engineering,Bachelor's,21,31228,671,20757.69572798293,,0
10789,37,HR,Bachelor's,16,25374,667,19037.286640341918,3.0,0
10790,18,HR,Master's,0,85256,579,3709.5659755895476,3.0,0
10791,43,Engineering,Bachelor's,22,103088,678,22365.855023987162,5.0,0
10792,40,Operations,Master's,20,65337,727,9450.588290091058,3.0,0
10793,41,Sales,Bachelor's,21,38222,684,1344.2185474119717,4.0,0
10794,22,Marketing,Bachelor's,0,22360,611,74230.25665467286,5.0,0
10795,25,HR,High School,2,22064,644,25644.993869213627,5.0,0
10796,50,Engineering,Bachelor's,31,49687,767,52372.801255838574,4.0,0
10797,37,HR,Bachelor's,17,46678,662,28179.61582775319,5.0,0
10798,46,Engineering,Bachelor's,27,84200,724,11039.629823002935,5.0,0
10799,38,Finance,Bachelor's,19,53651,688,17971.27130931354,3.0,0
10800,38,Marketing,Bachelor's,15,14737,737,28155.7616154076,3.0,0
10801,49,Sales,High School,23,68266,616,80630.09838065955,2.0,0
10802,31,Engineering,Master's,11,19953,665,7314.667315599063,2.0,1
10803,39,Sales,Bachelor's,16,28842,650,51981.4506878133,5.0,0
10804,32,HR,Bachelor's,7,42197,670,64451.15542404245,,0
10805,32,Marketing,Bachelor's,8,120258,685,27748.063830718038,5.0,1
10806,34,Sales,Master's,15,234673,815,66938.01061992512,5.0,0
10807,40,Marketing,Bachelor's,12,52262,694,12682.404301927525,4.0,0
10808,32,Finance,Bachelor's,12,32535,774,76448.79768964463,4.0,0
10809,53,Sales,Bachelor's,33,50046,738,30332.308848888297,1.0,0
10810,27,Finance,Bachelor's,8,61857,631,1072.8380324889242,5.0,0
10811,35,Finance,PhD,15,29959,637,59344.73300183689,4.0,0
10812,32,Marketing,Master's,13,106630,693,16564.130753321337,4.0,1
10813,55,Engineering,High School,36,41691,633,15419.796254897792,1.0,0
10814,40,Marketing,Bachelor's,20,48954,665,20894.661305820366,5.0,0
10815,50,Finance,Master's,27,54152,726,4044.878222064129,5.0,0
10816,20,Engineering,High School,0,46767,586,15832.650395259518,4.0,0
10817,41,Sales,PhD,21,60075,731,44465.24022924599,4.0,0
10818,48,Finance,PhD,24,25075,687,1000.0,4.0,0
10819,38,Marketing,High School,14,25978,619,7967.871516397383,3.0,0
10820,50,Sales,PhD,27,18767,663,1000.0,3.0,0
10821,31,Engineering,Bachelor's,12,47273,725,,4.0,0
10822,54,Engineering,Master's,32,57951,739,32577.846275419968,2.0,0
10823,65,Finance,Bachelor's,38,47794,714,40082.89590542083,,0
10824,33,Engineering,Bachelor's,11,99180,691,72596.95654331677,4.0,0
10825,32,Engineering,Bachelor's,12,36193,656,,3.0,0
10826,55,Finance,Master's,34,54243,690,7346.758396394965,3.0,0
10827,56,Marketing,High School,34,18863,598,64474.263378610296,3.0,0
10828,31,Operations,Bachelor's,10,28788,724,37326.48032439527,3.0,0
10829,32,Operations,Bachelor's,13,55123,676,21358.056688593257,4.0,0
10830,34,Engineering,Bachelor's,14,60443,692,29738.61941091263,4.0,1
10831,21,Engineering,Bachelor's,0,30443,622,64529.82980443128,5.0,0
10832,26,HR,Bachelor's,2,34788,602,31154.09725109629,2.0,1
10833,25,Marketing,Bachelor's,6,14607,616,11486.465894242741,5.0,0
10834,28,Engineering,High School,0,29312,559,31209.283346664633,3.0,0
10835,37,HR,High School,17,61959,774,1027.7947339021252,4.0,1
10836,40,Engineering,High School,18,51283,627,12210.934769345275,4.0,0
10837,56,Finance,Bachelor's,33,49040,663,,4.0,0
10838,26,Engineering,PhD,2,37416,616,4563.186482385537,4.0,0
10839,49,Engineering,High School,22,36469,724,1000.0,3.0,1
10840,35,Engineering,PhD,15,24435,650,3578.9029552958423,,0
10841,37,Operations,Master's,13,55231,620,26577.8587427098,5.0,0
10842,46,HR,Bachelor's,27,46750,741,40523.69954209129,3.0,0
10843,24,Finance,Bachelor's,2,48786,672,,3.0,0
10844,42,Marketing,Master's,19,26486,680,10630.09742995105,1.0,1
10845,39,Marketing,High School,17,9976,670,22868.499763700438,3.0,0
10846,43,Engineering,Bachelor's,24,70143,799,69173.10661640605,4.0,0
10847,41,Sales,Master's,16,27246,741,4569.294893552074,4.0,0
10848,67,Sales,Bachelor's,40,21640,669,31614.805277996235,3.0,0
10849,30,Sales,Master's,11,55054,730,,2.0,0
10850,31,Engineering,High School,9,28704,656,2329.638198318305,4.0,0
10851,30,Operations,Master's,10,68594,694,49376.92738130914,4.0,0
10852,31,Engineering,Bachelor's,7,52585,588,41930.214230590675,5.0,0
10853,30,Operations,Bachelor's,10,54728,656,1000.0,5.0,0
10854,52,Engineering,Bachelor's,33,16001,646,2387.576369289055,5.0,0
10855,55,Sales,Bachelor's,31,75144,755,1259.3664350633153,,0
10856,31,Marketing,Master's,10,42478,696,10189.566155233868,4.0,0
10857,28,Marketing,Bachelor's,9,29098,558,,2.0,1
10858,43,Sales,Master's,21,39578,672,19000.756692053383,4.0,0
10859,31,Marketing,Bachelor's,10,12509,674,7787.990559933422,2.0,1
10860,45,Marketing,High School,24,46406,677,,5.0,0
10861,40,HR,High School,20,19582,684,11482.044451655942,4.0,0
10862,19,HR,High School,0,16129,626,1165.504601096362,4.0,0
10863,56,Finance,Bachelor's,32,14568,689,8924.986041038523,2.0,1
10864,59,Engineering,Bachelor's,37,70799,719,18934.646202140906,4.0,0
10865,30,Sales,Master's,11,24895,593,13115.585365844898,3.0,0
10866,33,Sales,Master's,9,91147,646,7999.709295973491,3.0,0
10867,41,Marketing,High School,19,26331,687,3519.6050483356353,3.0,0
10868,42,Sales,Bachelor's,20,13037,651,,1.0,1
10869,45,Marketing,Bachelor's,25,18584,659,138961.17704428025,4.0,1
10870,62,Engineering,Bachelor's,37,76228,718,9994.860429916173,4.0,1
10871,35,Engineering,High School,13,33072,640,12016.345308193655,5.0,0
10872,28,Engineering,High School,9,26134,680,,4.0,0
10873,21,HR,PhD,1,39975,620,31685.373699673164,3.0,0
10874,29,Sales,Master's,4,49073,593,12440.724379386516,5.0,0
10875,37,Operations,Bachelor's,18,71000,722,58828.41839914506,4.0,0
10876,59,HR,Bachelor's,31,86603,723,20524.74046350726,4.0,0
10877,31,Engineering,Bachelor's,9,29264,642,14963.662055176006,4.0,0
10878,40,Finance,Master's,19,16389,715,26009.01516541904,5.0,0
10879,37,Finance,Bachelor's,18,28336,657,76336.07301043144,3.0,0
10880,52,Marketing,High School,33,42453,711,39564.0937875357,,0
10881,68,Sales,Master's,40,20368,649,1020.8918063637359,4.0,0
10882,31,Operations,Bachelor's,11,20449,629,10098.278783290087,2.0,1
10883,32,Sales,Bachelor's,9,44634,678,15897.662708612703,5.0,0
10884,50,Operations,Bachelor's,30,35270,626,9440.81036143196,4.0,0
10885,46,Engineering,Bachelor's,27,37037,691,30114.955065371818,4.0,0
10886,60,Engineering,Bachelor's,40,23038,702,43756.200391194914,4.0,0
10887,45,Marketing,Bachelor's,24,31626,674,32858.19011767897,3.0,0
10888,33,Sales,Bachelor's,3,20857,664,113515.68262527074,5.0,0
10889,45,Finance,High School,25,61952,712,7955.169436675323,5.0,0
10890,51,Operations,Master's,31,67585,775,51983.93763515886,4.0,0
10891,47,Marketing,Bachelor's,27,11995,623,36377.466814044354,5.0,0
10892,44,Engineering,High School,23,20791,668,,1.0,1
10893,50,Finance,Master's,30,14795,675,33118.182227033314,5.0,1
10894,52,Sales,Master's,27,24587,630,2747.4910597211133,3.0,0
10895,54,Engineering,Master's,33,34542,731,38936.972020409696,3.0,0
10896,45,Sales,Bachelor's,24,15217,753,,3.0,0
10897,35,HR,Bachelor's,16,20887,648,8643.027943966237,3.0,0
10898,39,HR,Master's,8,19883,652,26661.66131333668,3.0,0
10899,52,Sales,Master's,33,41124,702,25654.03498556597,5.0,0
10900,28,Marketing,Bachelor's,9,37858,619,5876.804847994494,5.0,0
10901,42,Operations,Master's,20,23551,586,1000.0,2.0,1
10902,33,Sales,High School,12,40380,628,14212.365385053588,2.0,0
10903,38,Marketing,PhD,18,26160,601,21070.888164040523,5.0,0
10904,53,Engineering,Master's,33,30853,758,52309.17357259527,3.0,0
10905,40,HR,Master's,17,99118,708,65852.61882401447,3.0,0
10906,38,Engineering,PhD,19,81168,689,18812.09302231913,4.0,0
10907,21,Engineering,Master's,0,16651,648,35040.630387211444,4.0,0
10908,46,Sales,Bachelor's,24,59744,650,14464.377800430191,3.0,1
10909,45,Engineering,Bachelor's,25,59091,666,34268.612883989095,4.0,0
10910,63,Sales,High School,40,18233,697,5729.08853304126,4.0,0
10911,34,Engineering,Bachelor's,15,59353,718,11593.17361486898,2.0,0
10912,40,Sales,Master's,17,91377,727,25143.627181785367,5.0,0
10913,40,Engineering,Bachelor's,19,18517,662,1000.0,4.0,0
10914,56,Engineering,Bachelor's,36,20941,691,32044.873332801304,3.0,0
10915,36,Engineering,Bachelor's,15,66876,699,45126.51363120178,3.0,0
10916,41,Operations,Master's,6,42740,654,12734.902030140418,2.0,0
10917,45,Finance,High School,25,50558,649,14852.57303594039,4.0,0
10918,40,Engineering,Bachelor's,14,44549,665,47642.62026808744,2.0,0
10919,32,HR,Bachelor's,12,45909,617,37364.215197758866,4.0,0
10920,40,Sales,Master's,21,16384,658,8497.18365304159,2.0,1
10921,50,Operations,High School,31,68076,697,9788.171456015925,,1
10922,25,Marketing,Master's,5,73258,770,28398.372235891773,5.0,0
10923,39,HR,Bachelor's,20,31645,663,20706.887186377986,4.0,0
10924,29,Engineering,Bachelor's,10,35380,592,4425.279180516822,,0
10925,52,Marketing,PhD,26,14491,658,,5.0,0
10926,19,Operations,High School,0,49441,660,57560.446894054185,4.0,0
10927,31,Sales,Bachelor's,8,51186,723,29132.78348953588,3.0,0
10928,42,Engineering,High School,23,34985,650,106671.62947207272,4.0,1
10929,56,Engineering,Bachelor's,37,71297,667,36419.265090098925,5.0,0
10930,37,HR,Bachelor's,18,29719,692,71171.7885115012,2.0,1
10931,31,Sales,Bachelor's,9,50958,603,6089.670386480437,3.0,0
10932,60,Marketing,High School,34,19696,666,,4.0,0
10933,20,Operations,Bachelor's,0,35805,618,1000.0,4.0,1
10934,18,Engineering,Master's,0,32708,623,27774.209420552375,4.0,0
10935,43,Marketing,Master's,22,41572,704,15838.124907533827,,0
10936,31,Operations,Bachelor's,11,29093,617,10645.269821776663,2.0,1
10937,25,Marketing,Bachelor's,5,33560,625,,5.0,1
10938,46,Engineering,Bachelor's,25,59612,697,48149.59628915328,2.0,0
10939,40,Sales,Bachelor's,18,27943,664,1000.0,,0
10940,31,Finance,Bachelor's,12,13850,638,23508.510686415775,4.0,0
10941,22,Engineering,Bachelor's,3,103751,706,,5.0,0
10942,48,Operations,Bachelor's,14,83189,728,13431.849692066342,,0
10943,45,Finance,Bachelor's,26,16724,681,44600.845608387164,5.0,0
10944,36,Engineering,Bachelor's,17,54930,696,9270.787329283128,2.0,0
10945,60,HR,PhD,40,26855,638,71639.0176245193,3.0,1
10946,25,Marketing,Bachelor's,6,42535,648,4950.112129858544,3.0,0
10947,19,Marketing,Bachelor's,0,43327,653,27171.225453218518,5.0,0
10948,29,Finance,Master's,6,31550,666,27876.55120437217,4.0,0
10949,37,Operations,Bachelor's,17,22691,624,7265.331151268675,1.0,1
10950,40,Engineering,Bachelor's,20,23996,632,9816.829703735915,4.0,1
10951,35,Marketing,Bachelor's,13,20958,619,45014.73232795319,3.0,0
10952,42,Sales,High School,21,22046,681,35866.66708520504,4.0,0
10953,22,Marketing,Bachelor's,0,34880,669,9978.22609741718,5.0,0
10954,55,Marketing,Master's,30,23636,662,19086.910057074307,3.0,0
10955,37,Engineering,High School,18,54678,716,1591.6138124020772,3.0,0
10956,51,HR,Bachelor's,28,88640,731,,3.0,0
10957,42,Marketing,Master's,22,25641,659,16629.574179381245,3.0,0
10958,43,Engineering,Master's,11,41925,647,2247.399298062261,2.0,0
10959,44,Finance,Bachelor's,24,49011,717,46340.71568987582,4.0,0
10960,43,Finance,Master's,11,48204,673,31646.755748620737,3.0,0
10961,45,Sales,Bachelor's,22,38008,765,71897.08240164284,5.0,0
10962,53,Engineering,Bachelor's,34,56704,679,29560.738885460523,3.0,0
10963,40,Sales,Bachelor's,19,48501,697,,3.0,0
10964,46,Engineering,Bachelor's,13,17281,618,20214.65539594003,3.0,0
10965,36,Engineering,PhD,12,61174,638,22920.935223243854,4.0,0
10966,55,HR,High School,36,61844,721,,4.0,0
10967,29,Engineering,Bachelor's,7,22971,637,25689.57757741544,5.0,1
10968,59,Engineering,Bachelor's,39,37151,824,1000.0,5.0,0
10969,37,Engineering,Bachelor's,18,54720,672,32166.00227570586,5.0,0
10970,20,Engineering,High School,0,32029,580,58970.60498042608,4.0,1
10971,39,Engineering,Bachelor's,20,69132,706,39689.49500120335,2.0,0
10972,29,Operations,Master's,5,149989,647,21916.73280140987,5.0,0
10973,48,Engineering,Bachelor's,28,22661,670,27815.51215526563,5.0,0
10974,30,Engineering,Bachelor's,6,15857,625,115613.38531571008,5.0,0
10975,32,Engineering,Bachelor's,13,43577,692,2375.9628517268675,2.0,0
10976,18,Operations,Bachelor's,0,55990,683,27508.707013253214,4.0,0
10977,32,Sales,Bachelor's,13,31617,631,8330.85642347363,3.0,0
10978,18,Marketing,Master's,0,86851,663,25547.5595172881,3.0,0
10979,18,Finance,PhD,0,16266,582,23388.340858738662,4.0,1
10980,47,Marketing,Bachelor's,28,55036,654,,,0
10981,47,Marketing,Bachelor's,26,25247,684,5790.315500626992,4.0,0
10982,43,Engineering,Master's,23,101887,676,24297.04027339216,5.0,0
10983,26,Marketing,Bachelor's,6,120031,691,3430.7397721206894,1.0,0
10984,37,Marketing,Bachelor's,17,22925,612,,1.0,1
10985,37,Sales,Bachelor's,12,26115,666,45082.47704031594,4.0,0
10986,24,Engineering,Master's,0,60824,720,9903.648147369671,3.0,0
10987,56,Sales,Bachelor's,35,28788,640,16738.70383899061,5.0,0
10988,48,Engineering,Master's,28,35339,610,70814.98075355143,3.0,0
10989,35,Engineering,Master's,16,36872,656,6441.727985489117,4.0,0
10990,38,Marketing,Bachelor's,10,11478,629,12342.085584426546,4.0,0
10991,40,Operations,Master's,21,36015,679,23314.17280091418,3.0,0
10992,18,Marketing,Master's,0,24008,601,35197.03529823382,5.0,0
10993,35,Sales,Bachelor's,15,27014,643,57981.42925124096,4.0,0
10994,29,Engineering,Bachelor's,9,86351,701,61767.103050438585,4.0,0
10995,25,Engineering,High School,6,17087,667,37474.26980950429,5.0,0
10996,34,Engineering,Bachelor's,11,59155,591,6479.984140472955,3.0,0
10997,59,Marketing,Bachelor's,40,30718,689,1000.0,5.0,0
10998,45,Engineering,Bachelor's,23,30703,679,12103.534664982664,2.0,1
10999,31,Engineering,Bachelor's,12,58350,633,3815.6375746694275,3.0,0
11000,44,HR,Master's,25,44535,754,30980.299137673657,5.0,0
11001,54,Engineering,Bachelor's,28,51142,671,27053.511442252777,5.0,0
11002,49,Sales,Bachelor's,30,64919,710,1124.1925698701718,3.0,0
11003,38,Marketing,Bachelor's,14,29768,674,45287.900646673115,4.0,0
11004,30,Sales,Bachelor's,9,25151,614,7150.195745834144,5.0,0
11005,46,Sales,Bachelor's,27,18937,595,14150.84302471801,3.0,0
11006,42,Marketing,Bachelor's,14,22131,628,27560.51844951765,2.0,1
11007,48,Engineering,Bachelor's,29,213087,850,14027.494136926838,4.0,0
11008,45,HR,Master's,21,76634,689,14553.019784023147,2.0,0
11009,50,Finance,Master's,31,16144,641,1697.015702967887,,0
11010,31,Engineering,Bachelor's,7,16424,664,12830.860951610404,5.0,0
11011,53,Engineering,Master's,34,48490,693,36188.06778321428,1.0,0
11012,40,Finance,Master's,19,50430,657,61679.51831246381,5.0,0
11013,62,Marketing,High School,39,50479,724,13339.443237703632,,0
11014,29,Sales,PhD,2,31164,659,13773.220653052133,4.0,0
11015,58,Marketing,Master's,32,33682,786,,4.0,0
11016,40,Engineering,Bachelor's,16,44210,700,71517.80022979031,4.0,0
11017,30,Sales,Bachelor's,5,38236,686,7767.317966702589,2.0,1
11018,32,Sales,High School,13,9589,613,,2.0,1
11019,34,Engineering,High School,14,31638,612,39737.60336702926,4.0,0
11020,43,Marketing,Master's,23,21788,665,23520.5782205178,,0
11021,44,Finance,Bachelor's,24,40341,684,2929.8211702884146,1.0,0
11022,31,Sales,Master's,11,217761,753,24703.580747075965,5.0,0
11023,37,Engineering,Master's,16,45274,661,,5.0,0
11024,63,Sales,Bachelor's,40,30088,720,17844.766669972094,3.0,0
11025,58,HR,Master's,36,63138,736,18827.911523448216,1.0,0
11026,43,Finance,High School,24,48514,706,52227.876940553186,4.0,0
11027,38,Sales,Bachelor's,18,46726,685,15520.396650923674,5.0,0
11028,39,Engineering,Bachelor's,18,52266,657,8193.248827856007,2.0,0
11029,45,HR,High School,22,124732,723,6565.513749666508,2.0,0
11030,25,Sales,High School,2,18425,570,51836.85985111885,5.0,0
11031,34,Engineering,Master's,12,48251,733,,5.0,0
11032,18,Marketing,Master's,0,20830,617,13872.423021696564,5.0,0
11033,42,Marketing,Bachelor's,21,50681,673,5180.928139934008,3.0,1
11034,45,Sales,Master's,26,20926,631,,4.0,0
11035,32,Engineering,Master's,12,28270,764,16079.068958093312,4.0,0
11036,56,Sales,Bachelor's,36,30422,653,10813.599745160791,3.0,0
11037,23,Operations,High School,4,65217,643,11200.169222151899,3.0,0
11038,20,Finance,PhD,1,63011,669,47799.784908826616,3.0,0
11039,40,Operations,Bachelor's,12,17198,661,20173.240660506002,4.0,0
11040,50,Operations,High School,22,37532,712,31634.492619977656,4.0,0
11041,58,Engineering,Bachelor's,38,23724,767,56835.00762171162,5.0,1
11042,32,Sales,Master's,13,17066,659,58003.882739721026,4.0,0
11043,50,Marketing,Bachelor's,31,31881,645,9956.368671484035,5.0,0
11044,37,Finance,Bachelor's,17,30179,647,76150.00137340833,5.0,0
11045,35,Engineering,Bachelor's,8,155753,752,1000.0,3.0,0
11046,48,Operations,PhD,29,47088,778,11823.621200450416,3.0,1
11047,45,Sales,Bachelor's,22,15889,600,56535.80463291171,4.0,0
11048,19,Finance,Bachelor's,0,25877,668,8027.072352220607,1.0,1
11049,55,Engineering,Master's,25,67025,710,7973.521098263298,5.0,0
11050,54,Engineering,High School,34,127142,803,9010.70249426569,1.0,0
11051,30,HR,PhD,7,14022,621,23688.948965574007,3.0,0
11052,42,Engineering,PhD,22,11755,619,14421.143297320019,4.0,0
11053,43,Finance,Master's,22,111589,763,32432.816494758477,4.0,0
11054,41,Engineering,Bachelor's,22,45879,706,56323.606688646876,4.0,0
11055,31,Sales,Bachelor's,12,21569,680,28036.741607145803,4.0,0
11056,29,Marketing,Master's,2,50049,643,5718.564925100713,3.0,0
11057,37,Sales,PhD,11,7469,603,67458.15421333232,3.0,0
11058,52,HR,Bachelor's,27,36389,620,,5.0,0
11059,44,Marketing,Master's,23,44209,714,,3.0,0
11060,33,Engineering,Bachelor's,10,63231,687,2356.8680705510506,3.0,0
11061,47,Engineering,Bachelor's,28,19764,633,20717.51486896113,4.0,0
11062,18,Sales,Bachelor's,0,38231,609,3019.2565818019502,2.0,1
11063,51,Sales,Master's,31,20842,660,3735.0127806992637,4.0,1
11064,18,HR,Bachelor's,0,42329,574,,4.0,0
11065,33,Sales,Bachelor's,13,21221,610,8270.063831323389,5.0,0
11066,24,Marketing,PhD,5,28428,587,23173.651869464637,4.0,0
11067,22,Marketing,Bachelor's,1,19980,601,42421.95446268058,2.0,1
11068,51,Engineering,Bachelor's,27,53673,667,35818.89487349987,4.0,0
11069,32,Marketing,Bachelor's,12,60783,607,7611.7028159941865,1.0,0
11070,42,Operations,Bachelor's,23,31546,752,7036.221748311574,1.0,1
11071,37,Finance,Master's,18,37158,715,84382.05019711689,4.0,1
11072,43,Marketing,PhD,24,15227,629,1000.0,3.0,0
11073,38,Sales,Bachelor's,18,30339,671,52948.43381747909,4.0,0
11074,22,Finance,Master's,0,35237,644,5570.1064445944085,4.0,0
11075,49,Marketing,High School,28,174988,843,73571.05982735373,5.0,0
11076,32,Engineering,Bachelor's,10,18635,602,10475.436373814087,4.0,0
11077,19,Engineering,Bachelor's,0,87422,713,14511.17150748589,1.0,0
11078,32,Sales,High School,8,66046,646,30699.860160104807,3.0,0
11079,56,Operations,Bachelor's,37,42975,654,22148.224474016133,3.0,0
11080,48,HR,Bachelor's,28,104315,768,9565.916643029133,3.0,0
11081,33,Engineering,High School,10,45399,707,20176.43216007599,3.0,0
11082,33,Engineering,Bachelor's,14,45866,768,32798.871085212195,2.0,0
11083,34,HR,Bachelor's,15,35176,610,,4.0,0
11084,62,Finance,Bachelor's,37,75670,762,1000.0,4.0,0
11085,42,Sales,Master's,22,70114,683,15315.319724855972,4.0,0
11086,43,Sales,Bachelor's,21,24949,693,3534.3838424388105,,0
11087,50,Engineering,Bachelor's,31,16456,616,27291.733033440112,4.0,0
11088,40,Finance,PhD,18,32151,611,6021.630674571648,4.0,0
11089,34,Finance,Master's,14,22470,614,14178.33528708256,4.0,0
11090,35,Engineering,Bachelor's,16,34957,663,5505.911302941289,1.0,1
11091,37,HR,High School,16,76302,667,19878.58879639911,4.0,0
11092,37,Engineering,Master's,18,27601,684,3083.9673147519507,4.0,0
11093,46,Engineering,Bachelor's,26,35394,721,1000.0,3.0,0
11094,38,Engineering,Master's,19,37602,692,1312.1300608716979,1.0,1
11095,46,Engineering,Master's,27,60418,767,77118.70045703134,2.0,0
11096,37,Marketing,Bachelor's,17,9432,658,3837.120581792604,4.0,0
11097,38,Marketing,PhD,19,25234,609,30816.016816752766,4.0,0
11098,18,Sales,Bachelor's,0,41223,687,1758.5821853172822,3.0,0
11099,48,Marketing,High School,29,74611,693,2861.723241049163,3.0,0
11100,42,Engineering,Master's,22,27034,702,17776.478728831353,5.0,0
11101,49,Engineering,Bachelor's,30,11778,732,15631.182728369262,3.0,0
11102,18,Sales,Master's,0,52671,660,75696.21795593944,2.0,0
11103,63,Marketing,PhD,37,24804,633,72435.86992269882,3.0,0
11104,36,Engineering,Master's,17,17786,611,37808.76038649546,4.0,0
11105,51,Finance,Bachelor's,22,24969,716,23038.979025635006,4.0,0
11106,25,HR,Bachelor's,6,32509,631,15172.416871166282,4.0,0
11107,45,Finance,Bachelor's,22,25264,667,11008.345463259933,5.0,0
11108,25,Sales,Bachelor's,4,9668,646,73477.91402331064,4.0,0
11109,30,Engineering,Bachelor's,5,62208,687,23089.733263155973,2.0,0
11110,60,HR,Master's,39,78035,751,21632.368373233676,4.0,0
11111,35,Engineering,Master's,14,53686,662,6595.920160625321,1.0,0
11112,40,Marketing,Bachelor's,21,18350,644,1195.5835118372354,4.0,0
11113,48,Engineering,Bachelor's,29,32180,718,72596.41770479172,3.0,0
11114,43,Finance,Master's,17,36173,685,9412.295141317916,4.0,0
11115,39,Engineering,Bachelor's,19,52014,669,14611.311787294131,3.0,0
11116,42,Operations,Bachelor's,22,54230,730,3044.0218326641193,5.0,0
11117,66,Finance,Master's,40,23376,693,45338.52380532922,3.0,0
11118,37,Marketing,Master's,17,38146,630,1000.0,4.0,0
11119,40,HR,Bachelor's,12,47780,631,44892.79605421388,3.0,0
11120,50,Sales,Master's,27,86985,684,3778.8588720413104,5.0,0
11121,51,Finance,Bachelor's,30,55420,693,54412.93676640526,5.0,1
11122,52,Marketing,PhD,27,58304,749,32712.289759934225,3.0,0
11123,45,Finance,High School,26,38188,650,4498.218422025958,5.0,0
11124,24,Marketing,High School,5,84649,685,20857.286537543667,3.0,0
11125,57,Operations,Master's,37,46437,684,9373.021040697977,4.0,0
11126,24,Sales,Bachelor's,5,21662,616,4907.462486481714,4.0,0
11127,41,Marketing,Master's,18,84290,643,49007.210465302545,1.0,0
11128,28,Finance,Master's,2,55201,639,12917.8551247757,,1
11129,37,Finance,Master's,17,27838,648,12710.035544876819,3.0,0
11130,41,Sales,PhD,21,27236,685,4654.8262783542505,3.0,0
11131,41,Engineering,Bachelor's,13,43388,669,12074.817624141046,5.0,0
11132,43,Marketing,Master's,23,47949,636,51318.40245680223,4.0,0
11133,57,Operations,High School,36,40879,748,11279.692527746744,2.0,0
11134,43,HR,Bachelor's,23,43773,689,75708.22683340202,2.0,0
11135,35,Finance,Master's,9,100707,706,73112.70030067784,4.0,0
11136,49,Engineering,Bachelor's,28,69073,710,3913.3822485812634,2.0,0
11137,52,Marketing,Bachelor's,29,40716,669,4879.433591726611,5.0,0
11138,23,Sales,Bachelor's,0,63881,659,49634.95324843963,4.0,0
11139,45,Finance,Bachelor's,25,19545,684,,3.0,0
11140,46,Engineering,PhD,26,46108,619,1000.0,3.0,0
11141,34,Finance,High School,10,107536,684,8000.7180715504555,4.0,1
11142,54,Sales,Bachelor's,34,31862,683,22759.51783692935,3.0,0
11143,36,Engineering,Master's,13,21838,653,,5.0,0
11144,39,Marketing,Bachelor's,12,24556,691,3579.1158657259048,5.0,0
11145,35,Engineering,High School,14,18886,612,2928.556898889032,4.0,0
11146,38,Sales,Bachelor's,15,22677,628,63805.875616921956,4.0,0
11147,24,Engineering,Bachelor's,1,29076,604,34772.46037046408,3.0,0
11148,20,Engineering,Bachelor's,0,15625,580,22276.517615976216,4.0,0
11149,57,Finance,Master's,37,36657,689,36653.662756663616,4.0,0
11150,27,Engineering,Bachelor's,8,62402,696,14002.776071012679,4.0,0
11151,26,Engineering,PhD,6,21064,586,35517.56454300213,1.0,1
11152,18,Marketing,Master's,0,90361,689,11622.536338712198,5.0,0
11153,30,Sales,Master's,10,49339,591,6995.975162935827,3.0,0
11154,22,HR,High School,0,67396,631,32642.14960987869,4.0,0
11155,57,Marketing,Bachelor's,37,24472,680,13604.058036994033,4.0,0
11156,50,Finance,Bachelor's,28,60640,771,99584.08762641132,4.0,0
11157,29,Sales,Master's,10,18860,624,10749.780059054723,3.0,0
11158,65,Engineering,Bachelor's,40,61954,641,63688.948391811886,4.0,0
11159,49,Engineering,Bachelor's,28,40259,608,,1.0,1
11160,34,Marketing,Bachelor's,15,50612,671,6921.947773043179,4.0,0
11161,18,Marketing,Bachelor's,0,17937,638,40014.57849605723,2.0,1
11162,65,HR,Bachelor's,40,21225,711,14188.184656495001,3.0,0
11163,21,Sales,Bachelor's,1,51965,650,62381.41886429843,2.0,0
11164,18,Marketing,High School,0,20557,662,14951.574413302795,5.0,0
11165,50,Engineering,High School,21,47950,658,34094.123366908585,4.0,0
11166,67,Engineering,Bachelor's,40,15989,728,15729.317766287119,4.0,0
11167,54,Sales,Master's,26,60409,635,6462.8168450401845,4.0,0
11168,44,Marketing,Bachelor's,24,17335,625,,5.0,0
11169,45,Sales,Bachelor's,25,50583,618,13853.385563931144,2.0,1
11170,48,Engineering,Bachelor's,23,52858,677,35212.95294008449,4.0,0
11171,47,Sales,Bachelor's,26,23907,669,23226.26264000435,4.0,0
11172,41,Finance,PhD,19,51493,683,29169.277069366162,1.0,0
11173,39,Engineering,High School,20,42457,676,8293.508518616361,3.0,0
11174,37,Sales,Master's,17,26283,617,,3.0,0
11175,28,Operations,Master's,9,19828,626,1135.272712714191,2.0,1
11176,34,Marketing,Master's,15,11186,579,42529.56858561309,3.0,1
11177,18,Sales,Bachelor's,0,44792,690,114861.10350563872,,0
11178,36,Engineering,Bachelor's,17,14201,633,13058.923979166615,,0
11179,26,Sales,Master's,0,38453,611,1000.0,3.0,0
11180,24,Engineering,High School,5,31005,698,4651.994438198721,3.0,0
11181,40,Operations,Master's,18,54583,629,26426.699075325516,5.0,0
11182,54,HR,Master's,30,30296,639,23673.85971544127,4.0,0
11183,49,Finance,Master's,28,29802,635,38763.277316412656,3.0,0
11184,19,HR,High School,0,56337,642,7321.855239472678,4.0,0
11185,26,Sales,Master's,4,44401,660,36059.125227723955,3.0,0
11186,49,Marketing,Master's,28,43901,720,,2.0,0
11187,26,Finance,Master's,4,48125,749,9745.250931790946,1.0,0
11188,35,Operations,High School,12,14452,545,19713.28222055569,5.0,0
11189,44,Sales,High School,14,57186,698,3982.9194435707877,4.0,0
11190,26,Operations,Bachelor's,5,52442,629,15062.765968159218,5.0,0
11191,39,Sales,High School,19,19731,630,53257.286949788875,5.0,0
11192,21,Sales,Bachelor's,0,31368,600,13669.58477880529,5.0,0
11193,30,Marketing,Master's,11,35469,614,45746.92598684772,,0
11194,41,Engineering,Bachelor's,16,33500,726,22305.406858757502,4.0,1
11195,18,Engineering,Master's,0,44369,669,5326.016232662482,3.0,0
11196,43,Engineering,High School,23,85718,715,21753.44896279261,2.0,0
11197,37,Sales,Bachelor's,13,69498,735,17629.65039294998,4.0,0
11198,44,Marketing,High School,23,16525,598,12714.093560250683,4.0,0
11199,40,Marketing,Bachelor's,20,52745,628,3185.337614274276,5.0,1
11200,54,Operations,Master's,34,80608,645,13476.712462278578,4.0,0
11201,39,Marketing,High School,15,45802,638,1888.635248843471,4.0,0
11202,32,Marketing,Bachelor's,12,69883,686,2599.843236692806,4.0,0
11203,39,Engineering,Bachelor's,14,121462,729,,3.0,0
11204,44,Engineering,PhD,25,67119,709,9109.811975849025,4.0,0
11205,38,HR,High School,15,42175,607,64938.7827170676,4.0,0
11206,38,Sales,Bachelor's,14,67985,714,11778.338899525344,4.0,0
11207,29,HR,High School,10,39613,661,35455.78630466631,4.0,0
11208,30,Engineering,Bachelor's,10,36840,678,18888.734371272367,3.0,0
11209,21,Sales,Bachelor's,2,29411,551,30442.13219093535,,0
11210,58,Engineering,Master's,36,92785,758,7531.545971813536,4.0,0
11211,23,Engineering,Bachelor's,2,22224,574,71141.88024521366,4.0,0
11212,29,Engineering,Bachelor's,7,91073,670,18880.27233285879,4.0,0
11213,29,Engineering,Bachelor's,10,49016,680,44494.399663547585,2.0,0
11214,48,Marketing,High School,29,15684,674,11355.056022716575,3.0,0
11215,34,Engineering,Bachelor's,15,45278,632,2639.8843878400958,3.0,0
11216,52,Operations,PhD,32,10300,672,27999.344309391072,4.0,0
11217,29,Marketing,Master's,8,52854,597,1000.0,4.0,0
11218,41,Engineering,Master's,17,61767,729,,5.0,0
11219,27,Engineering,Master's,5,25452,622,5354.654176612972,3.0,0
11220,63,Sales,High School,40,39109,756,,1.0,1
11221,23,Engineering,Bachelor's,0,117300,672,97085.73460634363,4.0,0
11222,41,Finance,High School,19,26810,638,15609.32728673307,4.0,0
11223,45,Operations,Bachelor's,19,19238,622,42524.88881803012,4.0,0
11224,42,Engineering,High School,21,88344,747,17720.950356446825,,0
11225,35,Marketing,Bachelor's,16,117895,697,17121.54156669806,5.0,0
11226,36,Engineering,Master's,17,36396,688,66633.20785738053,2.0,1
11227,38,Sales,Master's,16,66627,670,55174.11692992015,5.0,0
11228,36,Marketing,Master's,17,81217,619,38521.18231791898,2.0,0
11229,49,Engineering,PhD,29,23260,653,8783.506869744167,4.0,0
11230,64,Engineering,High School,40,27141,654,19686.908907470355,4.0,0
11231,31,Sales,High School,10,76002,682,6336.758406501569,4.0,1
11232,21,Marketing,Master's,0,99808,632,14670.929307417382,3.0,1
11233,36,Engineering,Bachelor's,17,50905,711,16551.53792284683,3.0,0
11234,68,HR,Bachelor's,40,21420,693,44541.27434179219,,0
11235,28,Sales,Bachelor's,7,119639,702,,3.0,0
11236,57,Finance,Bachelor's,28,26407,703,13387.354414327938,1.0,1
11237,58,Engineering,Bachelor's,36,29700,734,1000.0,4.0,0
11238,31,Finance,Bachelor's,5,44596,644,49471.60232887823,4.0,1
11239,44,Sales,Bachelor's,21,92272,684,4787.448639030661,4.0,0
11240,57,Engineering,Master's,36,60620,649,24313.721681670966,2.0,1
11241,33,HR,Bachelor's,14,46579,637,1000.0,5.0,0
11242,35,Marketing,Bachelor's,13,47952,639,12750.085515881206,2.0,0
11243,31,Operations,Bachelor's,10,37276,654,106646.65997008247,5.0,0
11244,25,Engineering,Bachelor's,4,50761,634,2653.287016702596,4.0,0
11245,30,Sales,Master's,9,7960,651,13777.875947737793,4.0,0
11246,23,Marketing,Master's,2,30395,603,9173.542038647094,5.0,0
11247,38,Operations,Master's,18,41973,667,58870.16081238966,3.0,0
11248,28,Marketing,Bachelor's,7,18203,675,50878.93938584014,3.0,0
11249,40,Operations,Bachelor's,21,45788,692,6785.336843369404,4.0,0
11250,19,Operations,Bachelor's,0,32122,623,2116.8378993147903,3.0,0
11251,41,Engineering,Bachelor's,22,104118,703,24663.698946033117,4.0,0
11252,48,Finance,Bachelor's,29,93322,707,10250.714317930444,3.0,0
11253,18,Operations,Bachelor's,0,27460,587,27874.974803386493,5.0,0
11254,42,Engineering,Bachelor's,20,33173,644,1000.0,,0
11255,52,Marketing,Master's,32,34739,722,3579.4221780329094,1.0,1
11256,23,Sales,High School,4,27694,621,28988.711274276084,5.0,0
11257,58,Engineering,Master's,37,40823,652,5968.191863363144,3.0,0
11258,43,Engineering,High School,23,23041,735,48725.71842842138,3.0,0
11259,29,Engineering,High School,2,18428,631,,3.0,1
11260,37,Engineering,PhD,11,52766,607,6067.1435144731395,4.0,0
11261,44,Marketing,PhD,23,52982,670,163582.1184839925,,0
11262,38,Engineering,High School,18,22413,658,14188.2550998113,4.0,0
11263,44,Finance,Bachelor's,21,62144,759,30347.688397526836,2.0,0
11264,26,HR,Bachelor's,7,24860,589,5042.596106157263,5.0,0
11265,40,Engineering,Bachelor's,20,42272,712,,,0
11266,21,Sales,Master's,1,59409,705,32375.358959452577,3.0,0
11267,36,Sales,PhD,10,35590,623,9439.317430371859,4.0,0
11268,27,Operations,Bachelor's,8,47707,643,44137.25547668349,4.0,0
11269,29,Engineering,Bachelor's,8,26639,595,23121.784670107674,2.0,1
11270,52,Engineering,Bachelor's,29,32277,675,12321.491628616726,3.0,0
11271,51,Operations,Bachelor's,31,32095,686,20390.916479662053,1.0,1
11272,45,Operations,Master's,26,23203,696,21495.447180169187,5.0,0
11273,24,HR,Master's,0,32660,669,4524.120719959651,4.0,0
11274,34,HR,Bachelor's,13,14340,607,12884.749359052656,3.0,0
11275,52,Engineering,Bachelor's,31,27046,604,10518.171511740391,2.0,1
11276,39,Sales,Bachelor's,20,30609,663,12808.282358778337,4.0,0
11277,65,Engineering,High School,40,31141,716,35793.86368657278,4.0,0
11278,42,Engineering,Master's,22,31416,679,16470.499348093967,4.0,0
11279,40,Finance,Bachelor's,21,34994,656,70467.34671793038,5.0,0
11280,34,Engineering,Bachelor's,15,48419,673,8692.045211861721,4.0,0
11281,39,Marketing,Bachelor's,15,61372,739,13433.67133737001,4.0,0
11282,36,Operations,Master's,17,24591,668,38656.50915308184,3.0,1
11283,46,Engineering,High School,27,17642,653,19742.806317951898,5.0,0
11284,49,Operations,Master's,28,19433,651,19798.132220419095,3.0,0
11285,28,Operations,Master's,5,27110,624,1370.3862740778623,3.0,0
11286,22,Sales,PhD,3,29402,694,12712.361190013893,4.0,0
11287,18,Engineering,Bachelor's,0,22879,610,7892.909080272207,1.0,1
11288,44,Marketing,Bachelor's,25,16686,662,182897.70607033203,3.0,0
11289,24,Marketing,Bachelor's,5,27620,612,9217.064072487685,4.0,0
11290,18,Marketing,Bachelor's,0,40491,676,,3.0,0
11291,42,Engineering,Bachelor's,18,51897,755,28193.33569932816,3.0,0
11292,67,Operations,Bachelor's,40,25992,718,10422.622689880624,4.0,0
11293,37,Engineering,Bachelor's,18,28344,661,19606.047259476432,4.0,0
11294,48,HR,Master's,28,20826,674,45898.40836806011,2.0,1
11295,38,Engineering,High School,14,35636,561,53718.35388732116,5.0,0
11296,36,Sales,Bachelor's,17,21827,681,4370.5598982261145,1.0,1
11297,49,Operations,Master's,29,51219,704,10371.72243182078,4.0,0
11298,34,Engineering,Master's,15,12437,657,10207.597599985475,,0
11299,41,Engineering,Master's,21,29267,636,1073.8565525081522,4.0,0
11300,41,Sales,Master's,20,43506,659,22797.370193795734,3.0,0
11301,29,HR,Master's,8,40550,631,48244.532303393964,2.0,0
11302,49,HR,Bachelor's,29,182740,845,12014.459143139147,2.0,0
11303,35,Marketing,Bachelor's,15,44796,650,33680.29768657889,4.0,0
11304,28,Engineering,High School,9,19881,717,24701.41022595286,,0
11305,44,Operations,High School,24,34293,692,11776.053627637624,2.0,1
11306,27,Operations,Bachelor's,8,12509,574,,5.0,0
11307,38,Marketing,High School,15,34601,652,30888.638191918348,3.0,1
11308,37,Finance,Bachelor's,8,22030,607,48200.67973023902,4.0,1
11309,51,Marketing,Bachelor's,22,62895,606,28947.475010381353,3.0,0
11310,43,Marketing,High School,18,26115,720,1000.0,4.0,0
11311,37,Engineering,Master's,16,33858,687,6091.084048368191,4.0,0
11312,47,Marketing,High School,25,24801,691,1800.292326627764,4.0,1
11313,54,Sales,Master's,34,103085,757,21121.709491120226,3.0,0
11314,44,Engineering,Bachelor's,23,29949,614,35313.66681635569,3.0,0
11315,38,Marketing,Master's,18,109046,703,,4.0,0
11316,22,Finance,Master's,2,59189,685,45556.16083364298,2.0,0
11317,25,HR,Master's,2,48496,600,20270.635577428915,3.0,0
11318,34,Sales,Master's,15,45308,564,29277.075641638774,3.0,0
11319,30,Operations,High School,10,45994,647,88860.32999778302,3.0,0
11320,35,Engineering,PhD,9,11423,621,2184.767720835905,,0
11321,38,Sales,Master's,19,30720,667,57872.521283548675,5.0,0
11322,44,Finance,Master's,24,60300,725,3369.810284003977,4.0,0
11323,37,Sales,Master's,11,35265,675,12478.965659119896,4.0,0
11324,43,Marketing,Bachelor's,22,15629,666,47668.93966516847,3.0,0
11325,38,Engineering,Master's,17,35191,709,59179.22017558486,4.0,0
11326,18,Finance,Bachelor's,0,100958,620,17649.31051420601,,0
11327,26,Marketing,Bachelor's,6,76736,693,22541.497058521214,,0
11328,36,Finance,High School,12,34989,677,30787.654364885293,2.0,1
11329,23,Sales,Master's,2,64271,605,44707.93526576679,5.0,0
11330,45,Sales,High School,24,29146,611,3238.8021441100686,4.0,0
11331,56,Finance,Bachelor's,37,13064,654,,5.0,0
11332,52,Sales,Bachelor's,33,20854,656,16409.590483317264,1.0,1
11333,35,Marketing,Master's,7,92756,718,14974.278596237531,3.0,0
11334,55,Sales,Bachelor's,35,30810,670,13786.839793946561,2.0,1
11335,39,Finance,Bachelor's,18,31381,626,17793.554281119163,4.0,0
11336,33,Marketing,High School,14,30336,627,72533.54172646558,3.0,0
11337,30,Marketing,Master's,8,113832,751,19863.100639083463,5.0,0
11338,34,Engineering,PhD,7,96333,691,76534.80598890405,5.0,0
11339,33,Operations,Master's,12,137484,726,4970.120478902121,4.0,0
11340,40,Engineering,Bachelor's,21,33010,664,32196.18028999933,4.0,0
11341,39,Sales,Master's,18,43363,722,41814.706752413986,4.0,1
11342,38,Marketing,Bachelor's,15,14618,611,28417.88950335949,4.0,0
11343,43,Marketing,Bachelor's,23,88094,769,23343.69816067608,3.0,0
11344,52,Sales,Bachelor's,27,18021,676,20799.473804407702,4.0,0
11345,49,Engineering,Bachelor's,27,41359,680,49319.53363848287,5.0,0
11346,20,Sales,Master's,0,18800,715,43099.70719554556,3.0,0
11347,18,HR,Bachelor's,0,25506,578,3260.9394760015293,5.0,0
11348,49,Finance,Bachelor's,30,21974,663,47193.710393654736,1.0,1
11349,21,Engineering,Bachelor's,1,25217,572,13363.81485707165,3.0,0
11350,35,Finance,High School,16,26279,691,7315.5841806650815,2.0,1
11351,23,Sales,Bachelor's,0,26135,688,50961.054130990866,2.0,1
11352,18,Finance,Bachelor's,0,59874,714,14141.938063529476,5.0,0
11353,44,Sales,High School,22,18715,707,41304.02852898772,5.0,0
11354,47,Sales,Master's,27,41453,679,7642.879463360902,4.0,0
11355,31,Operations,Master's,12,75416,669,1000.0,5.0,0
11356,18,Finance,Master's,0,26691,554,17102.66390603598,3.0,0
11357,31,Marketing,Bachelor's,11,23605,722,2640.3541579132125,2.0,1
11358,42,Engineering,Master's,23,31624,690,35098.82966359818,4.0,0
11359,20,Marketing,PhD,0,73705,639,8076.691777080994,5.0,0
11360,40,Marketing,Master's,21,40801,727,14658.746537123632,1.0,0
11361,37,Engineering,Bachelor's,17,26404,616,2276.404064513683,5.0,0
11362,44,Engineering,Bachelor's,24,48548,703,8444.90150788531,4.0,0
11363,39,Finance,PhD,20,18743,648,38023.11530411433,5.0,0
11364,26,Engineering,Bachelor's,0,54656,669,4109.720207043746,3.0,0
11365,52,Sales,Bachelor's,33,46405,700,26043.483469053976,4.0,0
11366,36,Engineering,Bachelor's,17,30191,600,,4.0,0
11367,37,Marketing,High School,18,21957,656,28473.1071875288,5.0,0
11368,26,Engineering,PhD,3,21332,665,41653.075716691164,3.0,0
11369,32,Engineering,Bachelor's,12,50055,662,2884.475265212702,5.0,0
11370,27,HR,Bachelor's,6,75916,703,7216.45792065071,5.0,0
11371,35,Finance,Master's,16,24775,609,56235.316539413485,1.0,1
11372,58,Engineering,Bachelor's,39,47812,715,31390.918537289857,2.0,1
11373,21,Marketing,High School,1,10381,585,25510.316093607842,4.0,0
11374,18,Marketing,Bachelor's,0,25571,650,27248.753053935932,4.0,0
11375,55,Finance,Master's,30,35645,689,13369.44477060649,4.0,0
11376,35,HR,Bachelor's,16,21040,676,1139.4946537637527,2.0,1
11377,29,Sales,Master's,8,20704,676,38363.07849328251,4.0,0
11378,50,Sales,Bachelor's,24,24326,695,,4.0,0
11379,30,Finance,Bachelor's,10,43274,665,16004.594085457946,3.0,1
11380,59,Engineering,Bachelor's,35,32454,656,57504.60328233301,4.0,0
11381,46,Marketing,Bachelor's,27,9481,661,10242.840443389689,3.0,0
11382,32,Operations,Master's,5,10173,596,8714.896843437147,2.0,1
11383,63,HR,Master's,40,25232,686,51549.14344021414,4.0,0
11384,30,Sales,Bachelor's,3,47791,629,39862.21219485751,5.0,0
11385,46,Sales,Bachelor's,24,6984,614,18089.119034546733,,0
11386,41,Marketing,Master's,21,26907,585,3502.6738065188206,3.0,0
11387,53,Sales,Bachelor's,26,26482,646,6054.065294925114,3.0,0
11388,56,Sales,Bachelor's,37,83533,748,26694.41510373503,3.0,0
11389,38,Marketing,PhD,18,28824,605,12155.001670571055,4.0,0
11390,28,HR,Bachelor's,6,45697,649,45269.45841849838,4.0,0
11391,43,Finance,PhD,20,39527,747,,,0
11392,29,Engineering,Bachelor's,3,10113,655,40950.68374568572,5.0,0
11393,62,Marketing,Master's,40,57579,791,11852.11554932947,1.0,0
11394,39,Marketing,Bachelor's,16,41325,680,38860.30328247659,5.0,0
11395,33,HR,Bachelor's,10,49264,706,10825.083464815594,5.0,0
11396,40,Engineering,Bachelor's,21,382981,850,4571.044935360068,4.0,1
11397,21,Sales,Bachelor's,1,10399,584,1000.0,2.0,1
11398,26,Finance,Bachelor's,7,102213,586,12182.476934247838,4.0,1
11399,52,Marketing,Bachelor's,32,30562,735,58470.67514084664,4.0,0
11400,30,Operations,High School,0,43148,696,6827.60741939982,5.0,0
11401,25,Operations,Master's,3,35337,612,5782.958252927895,4.0,0
11402,44,Engineering,Bachelor's,22,28154,656,87515.04611426822,4.0,0
11403,52,Engineering,High School,22,25799,634,1000.0,5.0,0
11404,46,Operations,Bachelor's,26,44254,702,38519.044823632175,5.0,0
11405,49,Operations,High School,26,14613,708,9691.978843148354,4.0,0
11406,28,Engineering,Bachelor's,8,56973,591,1000.0,5.0,0
11407,20,Engineering,High School,0,28290,639,62465.7720047623,4.0,0
11408,56,Engineering,Master's,37,18434,677,3760.1770272461517,4.0,1
11409,34,Operations,High School,7,27722,640,20061.73744085379,4.0,0
11410,34,Engineering,Bachelor's,15,77210,710,8006.99832064741,4.0,0
11411,53,Sales,Master's,33,26338,679,1685.3744125465173,3.0,0
11412,44,Finance,Master's,21,45029,673,1280.2925919403679,4.0,1
11413,43,Engineering,High School,23,23421,656,3069.921753372878,4.0,0
11414,63,Sales,Master's,40,57225,764,1851.0420404118574,3.0,0
11415,30,Engineering,Bachelor's,10,54792,680,35736.11362760399,3.0,0
11416,49,Finance,Master's,26,110102,748,16617.21012588932,,0
11417,38,Engineering,Bachelor's,19,32684,613,10497.67573655201,4.0,0
11418,41,HR,Master's,22,54241,672,13547.972460875351,2.0,0
11419,56,Sales,PhD,36,38516,738,66108.13700000239,5.0,1
11420,44,Engineering,Bachelor's,24,79025,712,60408.35423300552,5.0,0
11421,44,Engineering,Bachelor's,25,23592,695,31441.06336667795,4.0,0
11422,50,Marketing,Bachelor's,30,56783,776,54001.62555726561,3.0,0
11423,33,Engineering,High School,13,32311,693,9628.625205880726,,0
11424,27,Finance,High School,8,34943,647,11995.665975848988,5.0,0
11425,25,Finance,High School,4,38370,618,23779.313612653543,3.0,0
11426,18,Marketing,Bachelor's,0,42249,531,24429.295227020513,2.0,0
11427,62,Sales,Bachelor's,40,33869,700,16430.018531251055,4.0,0
11428,24,Sales,Bachelor's,3,41308,626,12798.065983271215,4.0,0
11429,35,Finance,High School,13,93607,716,107041.52521398176,3.0,0
11430,34,Marketing,Bachelor's,14,65595,674,43026.509011285925,4.0,0
11431,41,Engineering,Master's,19,61174,674,14272.362511602543,4.0,0
11432,47,Engineering,Bachelor's,27,27630,604,32483.885082438745,,1
11433,48,Sales,Bachelor's,27,21299,633,7852.762620442015,4.0,0
11434,31,Marketing,Master's,12,64420,694,2638.716840553144,4.0,0
11435,35,Marketing,Master's,13,61428,743,10863.249170971923,5.0,0
11436,41,Engineering,Bachelor's,19,87869,704,12894.815142376618,3.0,0
11437,35,HR,Master's,16,25276,665,1000.0,3.0,0
11438,57,Engineering,Bachelor's,37,31642,737,42156.8942497869,5.0,1
11439,43,Engineering,Master's,13,13579,604,11125.689684598934,3.0,0
11440,46,Marketing,Bachelor's,26,28696,689,21712.41741215435,5.0,0
11441,45,Engineering,Bachelor's,24,66035,671,1921.0322639786832,2.0,0
11442,52,Sales,High School,26,27449,708,4809.2012179039475,2.0,1
11443,40,Marketing,Master's,18,53331,684,55112.36167528094,5.0,0
11444,22,Marketing,Bachelor's,1,32393,639,23456.22191827931,4.0,0
11445,42,Sales,Bachelor's,19,44109,641,75035.73688102541,4.0,0
11446,30,Engineering,Bachelor's,6,18240,654,167115.9810274991,3.0,0
11447,31,Engineering,Master's,11,38220,735,11624.80977583318,3.0,0
11448,45,Finance,Master's,25,6034,614,8874.162392884758,5.0,0
11449,52,Marketing,Bachelor's,32,32463,676,48860.970023697715,3.0,0
11450,38,Marketing,Bachelor's,9,13653,638,164486.96762129152,4.0,0
11451,41,Engineering,Bachelor's,19,74876,729,24832.07764821972,1.0,0
11452,58,Sales,Bachelor's,39,57898,701,39635.79967087506,3.0,0
11453,40,Sales,Master's,16,48050,557,38052.37774854946,4.0,1
11454,69,Sales,High School,40,90454,806,,5.0,0
11455,44,HR,Bachelor's,25,20550,696,21348.770741408895,4.0,0
11456,18,Engineering,Bachelor's,0,103612,613,44752.56225903402,4.0,0
11457,47,Engineering,Bachelor's,27,63533,680,29127.9286453299,,0
11458,42,Finance,Bachelor's,17,31510,721,1000.0,4.0,0
11459,53,Operations,Bachelor's,34,71780,783,10263.411224832618,4.0,0
11460,46,Engineering,High School,22,18698,696,3901.019440774093,3.0,0
11461,36,Sales,Bachelor's,15,22143,640,6630.806222686111,3.0,0
11462,23,Engineering,Bachelor's,4,25206,631,58976.1025345793,5.0,0
11463,35,Engineering,Bachelor's,6,26439,627,1000.0,1.0,1
11464,27,Marketing,High School,6,19265,672,6205.147361192759,2.0,1
11465,31,Engineering,Master's,11,75648,647,9260.993722155912,4.0,0
11466,45,HR,Bachelor's,25,31091,642,23985.441286006277,4.0,0
11467,58,Sales,Bachelor's,34,44869,744,19094.697193452932,4.0,0
11468,42,Engineering,Master's,22,25791,662,6156.130126423399,3.0,0
11469,23,Engineering,Master's,4,12181,672,4485.376635075219,5.0,0
11470,43,Finance,Bachelor's,24,42703,655,6755.814590916178,4.0,0
11471,52,Engineering,Bachelor's,32,11529,671,17455.481882895925,5.0,0
11472,30,Sales,Bachelor's,7,34850,604,7908.136321578943,1.0,1
11473,36,Marketing,Bachelor's,16,15978,645,73722.41073500362,3.0,1
11474,38,Sales,Bachelor's,19,119654,674,15584.242424052765,3.0,0
11475,28,Marketing,Master's,9,62743,648,,3.0,0
11476,45,Engineering,Master's,25,38694,623,,2.0,1
11477,36,Engineering,Bachelor's,9,77514,707,9968.889989982657,3.0,1
11478,43,Engineering,High School,23,21855,692,26496.012968761945,4.0,0
11479,27,Marketing,Bachelor's,0,50316,571,8198.521283361375,4.0,0
11480,32,Sales,Bachelor's,12,40940,710,21142.529994321187,4.0,0
11481,46,Engineering,High School,27,42549,787,36976.96886406779,1.0,0
11482,33,Engineering,Master's,8,77917,680,65780.26452181934,4.0,0
11483,58,Sales,Bachelor's,38,56358,695,,2.0,0
11484,33,Sales,Master's,11,43184,769,10193.828754491733,4.0,0
11485,40,Operations,Master's,9,13454,576,15602.95735638223,4.0,0
11486,49,Sales,Master's,30,20413,677,65492.34370007564,4.0,0
11487,20,Marketing,Bachelor's,1,33737,636,57913.76820476468,5.0,0
11488,18,Sales,Bachelor's,0,38408,684,2354.4232571223883,,1
11489,19,Operations,Bachelor's,0,18432,629,3537.068042097328,4.0,0
11490,53,Finance,Bachelor's,34,154354,771,,5.0,1
11491,31,Marketing,Bachelor's,12,90204,658,2818.561068071154,4.0,0
11492,68,Engineering,Bachelor's,40,52118,708,10600.181658820995,5.0,0
11493,31,Engineering,Bachelor's,8,37919,606,4015.529408317692,4.0,0
11494,40,Sales,Bachelor's,21,31973,669,25267.80708095992,4.0,0
11495,56,HR,Master's,36,20513,665,,4.0,1
11496,62,Sales,Bachelor's,40,38043,650,143102.97386267586,1.0,1
11497,62,Engineering,High School,40,42389,764,11759.737892134885,,0
11498,52,HR,Bachelor's,33,17239,659,22845.63415434178,5.0,0
11499,50,Finance,PhD,27,44378,638,48495.060349253334,4.0,0
11500,45,Engineering,Bachelor's,26,33085,671,3123.837852422637,1.0,1
